Data,CASI,VARIAZIONI,0,1,2,3,Regione
1-ott,16,16.1,100,0,0,0,Lombardia
2-ott,16,13.9,100,0,0,0,Lombardia
3-ott,18,22.3,100,0,0,0,Lombardia
4-ott,18,28.7,100,0,0,0,Lombardia
5-ott,20,35.1,100,0,0,0,Lombardia
6-ott,21,43,100,0,0,0,Lombardia
7-ott,24,63.8,100,0,0,0,Lombardia
8-ott,28,76.6,100,0,0,0,Lombardia
9-ott,35,114.9,100,0,0,0,Lombardia
10-ott,42,140.6,100,0,0,0,Lombardia
11-ott,49,166.5,100,0,0,0,Lombardia
12-ott,54,171.1,100,0,0,0,Lombardia
13-ott,61,186.6,100,0,0,0,Lombardia
14-ott,74,203.3,100,0,0,0,Lombardia
15-ott,88,213.8,100,0,0,0,Lombardia
16-ott,102,194.2,100,0,0,0,Lombardia
17-ott,117,178.3,100,0,0,0,Lombardia
18-ott,137,177.2,100,0,0,0,Lombardia
19-ott,146,172.7,100,0,0,0,Lombardia
20-ott,156,155.6,100,0,0,0,Lombardia
21-ott,179,140.8,100,0,0,0,Lombardia
22-ott,199,126.4,100,0,0,0,Lombardia
23-ott,224,119.1,100,0,0,0,Lombardia
24-ott,247,110.2,100,0,0,0,Lombardia
25-ott,274,100.8,100,0,0,0,Lombardia
26-ott,293,100,100,0,0,0,Lombardia
27-ott,323,107.2,100,0,0,0,Lombardia
28-ott,357,100,100,0,0,0,Lombardia
29-ott,389,95.5,100,0,0,0,Lombardia
30-ott,429,91.8,100,0,0,0,Lombardia
31-ott,469,90,100,0,0,0,Lombardia
1-nov,497,81.2,100,0,0,0,Lombardia
2-nov,514,75.4,100,0,0,0,Lombardia
3-nov,531,64.6,100,0,0,0,Lombardia
4-nov,533,49.4,100,0,0,0,Lombardia
5-nov,548,40.9,100,0,0,0,Lombardia
6-nov,558,30,0,0,0,100,Lombardia
7-nov,583,24.5,0,0,0,100,Lombardia
8-nov,561,12.8,0,0,0,100,Lombardia
9-nov,556,8.1,0,0,0,100,Lombardia
10-nov,597,12.3,0,0,0,100,Lombardia
11-nov,601,12.7,0,0,0,100,Lombardia
12-nov,606,10.5,0,0,0,100,Lombardia
13-nov,613,9.8,0,0,0,100,Lombardia
14-nov,579,-0.7,0,0,0,100,Lombardia
15-nov,597,6.4,0,0,0,100,Lombardia
16-nov,590,6.2,0,0,0,100,Lombardia
17-nov,565,-5.3,0,0,0,100,Lombardia
18-nov,560,-6.9,0,0,0,100,Lombardia
19-nov,542,-10.6,0,0,0,100,Lombardia
20-nov,528,-13.9,0,0,0,100,Lombardia
21-nov,535,-7.7,0,0,0,100,Lombardia
22-nov,505,-15.3,0,0,0,100,Lombardia
23-nov,517,-12.4,0,0,0,100,Lombardia
24-nov,481,-14.8,0,0,0,100,Lombardia
25-nov,457,-18.4,0,0,0,100,Lombardia
26-nov,439,-18.9,0,0,0,100,Lombardia
27-nov,401,-23.9,0,0,0,100,Lombardia
28-nov,359,-32.8,0,0,0,100,Lombardia
29-nov,340,-32.6,0,0,100,0,Lombardia
30-nov,307,-40.6,0,0,100,0,Lombardia
1-dic,299,-37.9,0,0,100,0,Lombardia
2-dic,281,-38.4,0,0,100,0,Lombardia
3-dic,262,-40.4,0,0,100,0,Lombardia
4-dic,254,-36.8,0,0,100,0,Lombardia
5-dic,239,-33.5,0,0,100,0,Lombardia
6-dic,231,-32.1,0,0,100,0,Lombardia
7-dic,227,-25.9,0,0,100,0,Lombardia
8-dic,204,-31.8,0,0,100,0,Lombardia
9-dic,182,-35.4,0,0,100,0,Lombardia
10-dic,165,-36.9,0,0,100,0,Lombardia
11-dic,150,-41,0,0,100,0,Lombardia
12-dic,145,-39.1,0,0,100,0,Lombardia
13-dic,145,-37.4,0,100,0,0,Lombardia
14-dic,139,-39.1,0,100,0,0,Lombardia
15-dic,146,-28.3,0,100,0,0,Lombardia
16-dic,163,-10.1,0,100,0,0,Lombardia
17-dic,170,2.7,0,100,0,0,Lombardia
18-dic,168,12.3,0,100,0,0,Lombardia
19-dic,160,10,0,100,0,0,Lombardia
20-dic,155,6.9,0,100,0,0,Lombardia
21-dic,155,11.7,0,100,0,0,Lombardia
22-dic,153,5.1,0,100,0,0,Lombardia
23-dic,145,-11.3,0,100,0,0,Lombardia
24-dic,144,-15,0,0,0,100,Lombardia
25-dic,143,-14.7,0,0,0,100,Lombardia
26-dic,140,-12.6,0,0,0,100,Lombardia
27-dic,127,-18.1,0,0,0,100,Lombardia
28-dic,123,-20.6,0,0,100,0,Lombardia
29-dic,109,-29.2,0,0,100,0,Lombardia
30-dic,104,-28.4,0,0,100,0,Lombardia
31-dic,116,-19.8,0,0,0,100,Lombardia
1-gen,120,-16.2,0,0,0,100,Lombardia
2-gen,118,-15.6,0,0,0,100,Lombardia
3-gen,130,3,0,0,0,100,Lombardia
4-gen,133,8.5,0,0,100,0,Lombardia
5-gen,138,27.2,0,0,0,100,Lombardia
6-gen,151,45.3,0,0,0,100,Lombardia
7-gen,140,21.2,0,100,0,0,Lombardia
8-gen,129,7.9,0,100,0,0,Lombardia
9-gen,140,19,0,0,100,0,Lombardia
10-gen,156,19.6,0,0,100,0,Lombardia
11-gen,162,21.7,0,0,100,0,Lombardia
12-gen,160,16,0,0,100,0,Lombardia
13-gen,153,1.5,0,0,100,0,Lombardia
14-gen,151,7.7,0,0,100,0,Lombardia
15-gen,154,18.6,0,0,100,0,Lombardia
16-gen,150,6.7,0,0,100,0,Lombardia
17-gen,133,-14.5,0,0,0,100,Lombardia
18-gen,130,-19.6,0,0,0,100,Lombardia
19-gen,128,-20,0,0,0,100,Lombardia
20-gen,124,-18.7,0,0,0,100,Lombardia
21-gen,121,-19.9,0,0,0,100,Lombardia
22-gen,119,-22.7,0,0,0,100,Lombardia
,,,,,,,
,,,,,,,
,,,,,,,
,,,,,,,
,,,,,,,
,,,,,,,
,,,,,,,
,,,,,,,
,,,,,,,
,,,,,,,
1-ott,16,-4.9,100,0,0,0,Emilia-Romagna
2-ott,17,0.3,100,0,0,0,Emilia-Romagna
3-ott,18,14.7,100,0,0,0,Emilia-Romagna
4-ott,20,29.9,100,0,0,0,Emilia-Romagna
5-ott,22,48.3,100,0,0,0,Emilia-Romagna
6-ott,24,50.4,100,0,0,0,Emilia-Romagna
7-ott,26,63.5,100,0,0,0,Emilia-Romagna
8-ott,27,74.1,100,0,0,0,Emilia-Romagna
9-ott,30,80.1,100,0,0,0,Emilia-Romagna
10-ott,35,91.6,100,0,0,0,Emilia-Romagna
11-ott,39,96.8,100,0,0,0,Emilia-Romagna
12-ott,43,97.3,100,0,0,0,Emilia-Romagna
13-ott,47,99.3,100,0,0,0,Emilia-Romagna
14-ott,50,96.1,100,0,0,0,Emilia-Romagna
15-ott,56,105.1,100,0,0,0,Emilia-Romagna
16-ott,62,107.6,100,0,0,0,Emilia-Romagna
17-ott,68,95.4,100,0,0,0,Emilia-Romagna
18-ott,71,80.6,100,0,0,0,Emilia-Romagna
19-ott,76,76.3,100,0,0,0,Emilia-Romagna
20-ott,80,70,100,0,0,0,Emilia-Romagna
21-ott,87,73.7,100,0,0,0,Emilia-Romagna
22-ott,97,72.5,100,0,0,0,Emilia-Romagna
23-ott,105,68.1,100,0,0,0,Emilia-Romagna
24-ott,117,71.6,100,0,0,0,Emilia-Romagna
25-ott,132,84.9,100,0,0,0,Emilia-Romagna
26-ott,145,90.3,100,0,0,0,Emilia-Romagna
27-ott,165,106.8,100,0,0,0,Emilia-Romagna
28-ott,177,103.1,100,0,0,0,Emilia-Romagna
29-ott,192,97.7,100,0,0,0,Emilia-Romagna
30-ott,212,102,100,0,0,0,Emilia-Romagna
31-ott,231,97.7,100,0,0,0,Emilia-Romagna
1-nov,244,85,100,0,0,0,Emilia-Romagna
2-nov,255,76,100,0,0,0,Emilia-Romagna
3-nov,266,61.2,100,0,0,0,Emilia-Romagna
4-nov,278,57.1,100,0,0,0,Emilia-Romagna
5-nov,293,52.6,100,0,0,0,Emilia-Romagna
6-nov,297,40.4,0,100,0,0,Emilia-Romagna
7-nov,296,28.3,0,100,0,0,Emilia-Romagna
8-nov,310,27.1,0,100,0,0,Emilia-Romagna
9-nov,318,24.7,0,100,0,0,Emilia-Romagna
10-nov,330,23.8,0,100,0,0,Emilia-Romagna
11-nov,345,23.8,0,100,0,0,Emilia-Romagna
12-nov,350,19.5,0,100,0,0,Emilia-Romagna
13-nov,359,21,0,100,0,0,Emilia-Romagna
14-nov,373,26.1,0,0,100,0,Emilia-Romagna
15-nov,384,23.9,0,0,100,0,Emilia-Romagna
16-nov,396,24.4,0,0,100,0,Emilia-Romagna
17-nov,391,18.6,0,0,100,0,Emilia-Romagna
18-nov,390,13,0,0,100,0,Emilia-Romagna
19-nov,384,9.8,0,0,100,0,Emilia-Romagna
20-nov,387,7.8,0,0,100,0,Emilia-Romagna
21-nov,389,4.3,0,0,100,0,Emilia-Romagna
22-nov,386,0.6,0,0,100,0,Emilia-Romagna
23-nov,381,-3.6,0,0,100,0,Emilia-Romagna
24-nov,388,-0.8,0,0,100,0,Emilia-Romagna
25-nov,382,-1.9,0,0,100,0,Emilia-Romagna
26-nov,382,-0.5,0,0,100,0,Emilia-Romagna
27-nov,374,-3.5,0,0,100,0,Emilia-Romagna
28-nov,361,-7.2,0,0,100,0,Emilia-Romagna
29-nov,343,-11.1,0,0,100,0,Emilia-Romagna
30-nov,336,-11.8,0,0,100,0,Emilia-Romagna
1-dic,313,-19.2,0,0,100,0,Emilia-Romagna
2-dic,301,-21.3,0,0,100,0,Emilia-Romagna
3-dic,292,-23.7,0,0,100,0,Emilia-Romagna
4-dic,291,-22,0,0,100,0,Emilia-Romagna
5-dic,287,-20.6,0,0,100,0,Emilia-Romagna
6-dic,285,-16.8,0,100,0,0,Emilia-Romagna
7-dic,282,-16.2,0,100,0,0,Emilia-Romagna
8-dic,285,-8.9,0,100,0,0,Emilia-Romagna
9-dic,275,-8.7,0,100,0,0,Emilia-Romagna
10-dic,268,-8.3,0,100,0,0,Emilia-Romagna
11-dic,247,-15.4,0,100,0,0,Emilia-Romagna
12-dic,243,-15.2,0,100,0,0,Emilia-Romagna
13-dic,246,-13.6,0,100,0,0,Emilia-Romagna
14-dic,239,-15.1,0,100,0,0,Emilia-Romagna
15-dic,231,-19.2,0,100,0,0,Emilia-Romagna
16-dic,234,-14.7,0,100,0,0,Emilia-Romagna
17-dic,239,-10.7,0,100,0,0,Emilia-Romagna
18-dic,251,1.8,0,100,0,0,Emilia-Romagna
19-dic,247,1.7,0,100,0,0,Emilia-Romagna
20-dic,243,-1.4,0,100,0,0,Emilia-Romagna
21-dic,244,1.8,0,100,0,0,Emilia-Romagna
22-dic,242,4.9,0,100,0,0,Emilia-Romagna
23-dic,239,2.2,0,100,0,0,Emilia-Romagna
24-dic,240,0.4,0,0,0,100,Emilia-Romagna
25-dic,249,-1,0,0,0,100,Emilia-Romagna
26-dic,251,1.6,0,0,0,100,Emilia-Romagna
27-dic,241,-1,0,0,0,100,Emilia-Romagna
28-dic,222,-8.9,0,0,100,0,Emilia-Romagna
29-dic,216,-10.8,0,0,100,0,Emilia-Romagna
30-dic,223,-7.1,0,0,100,0,Emilia-Romagna
31-dic,232,-3.3,0,0,0,100,Emilia-Romagna
1-gen,243,-2.1,0,0,0,100,Emilia-Romagna
2-gen,249,-0.7,0,0,0,100,Emilia-Romagna
3-gen,261,8.6,0,0,0,100,Emilia-Romagna
4-gen,280,26.4,0,0,100,0,Emilia-Romagna
5-gen,294,36.3,0,0,0,100,Emilia-Romagna
6-gen,297,33.7,0,0,0,100,Emilia-Romagna
7-gen,300,29.2,0,100,0,0,Emilia-Romagna
8-gen,286,17.8,0,100,0,0,Emilia-Romagna
9-gen,281,12.6,0,0,100,0,Emilia-Romagna
10-gen,289,10.7,0,0,100,0,Emilia-Romagna
11-gen,297,5.9,0,0,100,0,Emilia-Romagna
12-gen,298,1.5,0,0,100,0,Emilia-Romagna
13-gen,289,-2.7,0,0,100,0,Emilia-Romagna
14-gen,274,-8.8,0,0,100,0,Emilia-Romagna
15-gen,268,-6.3,0,0,100,0,Emilia-Romagna
16-gen,266,-5.4,0,0,100,0,Emilia-Romagna
17-gen,249,-14,0,0,100,0,Emilia-Romagna
18-gen,231,-22.2,0,0,100,0,Emilia-Romagna
19-gen,219,-26.6,0,0,100,0,Emilia-Romagna
20-gen,217,-25,0,0,100,0,Emilia-Romagna
21-gen,213,-22.2,0,0,100,0,Emilia-Romagna
22-gen,203,-24.4,0,0,100,0,Emilia-Romagna
,,,,,,,
,,,,,,,
,,,,,,,
,,,,,,,
,,,,,,,
,,,,,,,
,,,,,,,
,,,,,,,
,,,,,,,
,,,,,,,
1-ott,30,29.4,100,0,0,0,Veneto
2-ott,30,26.7,100,0,0,0,Veneto
3-ott,32,28.5,100,0,0,0,Veneto
4-ott,34,38.6,100,0,0,0,Veneto
5-ott,35,33.6,100,0,0,0,Veneto
6-ott,36,35.2,100,0,0,0,Veneto
7-ott,40,51.7,100,0,0,0,Veneto
8-ott,41,34.7,100,0,0,0,Veneto
9-ott,49,62.3,100,0,0,0,Veneto
10-ott,55,74.4,100,0,0,0,Veneto
11-ott,59,74.4,100,0,0,0,Veneto
12-ott,61,75.3,100,0,0,0,Veneto
13-ott,67,87.3,100,0,0,0,Veneto
14-ott,72,80.7,100,0,0,0,Veneto
15-ott,75,82,100,0,0,0,Veneto
16-ott,77,56.1,100,0,0,0,Veneto
17-ott,81,47.5,100,0,0,0,Veneto
18-ott,89,51,100,0,0,0,Veneto
19-ott,92,51.9,100,0,0,0,Veneto
20-ott,92,38.3,100,0,0,0,Veneto
21-ott,108,48.9,100,0,0,0,Veneto
22-ott,123,64.2,100,0,0,0,Veneto
23-ott,140,81.9,100,0,0,0,Veneto
24-ott,159,96.1,100,0,0,0,Veneto
25-ott,173,95.2,100,0,0,0,Veneto
26-ott,186,101.5,100,0,0,0,Veneto
27-ott,207,124.2,100,0,0,0,Veneto
28-ott,222,105.4,100,0,0,0,Veneto
29-ott,238,93.7,100,0,0,0,Veneto
30-ott,267,91.1,100,0,0,0,Veneto
31-ott,287,80.1,100,0,0,0,Veneto
1-nov,304,75.8,100,0,0,0,Veneto
2-nov,313,68.2,100,0,0,0,Veneto
3-nov,328,58.7,100,0,0,0,Veneto
4-nov,334,50.8,100,0,0,0,Veneto
5-nov,358,50.6,100,0,0,0,Veneto
6-nov,364,36,0,100,0,0,Veneto
7-nov,386,34.6,0,100,0,0,Veneto
8-nov,408,34.2,0,100,0,0,Veneto
9-nov,422,35,0,100,0,0,Veneto
10-nov,431,31.4,0,100,0,0,Veneto
11-nov,444,33,0,100,0,0,Veneto
12-nov,451,26,0,100,0,0,Veneto
13-nov,457,25.7,0,100,0,0,Veneto
14-nov,452,17,0,100,0,0,Veneto
15-nov,440,7.9,0,100,0,0,Veneto
16-nov,435,3.2,0,100,0,0,Veneto
17-nov,443,2.6,0,100,0,0,Veneto
18-nov,440,-0.9,0,100,0,0,Veneto
19-nov,444,-1.4,0,100,0,0,Veneto
20-nov,441,-3.4,0,100,0,0,Veneto
21-nov,441,-2.4,0,100,0,0,Veneto
22-nov,444,0.9,0,100,0,0,Veneto
23-nov,456,4.8,0,100,0,0,Veneto
24-nov,437,-1.2,0,100,0,0,Veneto
25-nov,431,-2.1,0,100,0,0,Veneto
26-nov,436,-2,0,100,0,0,Veneto
27-nov,434,-1.6,0,100,0,0,Veneto
28-nov,433,-1.8,0,100,0,0,Veneto
29-nov,426,-4.1,0,100,0,0,Veneto
30-nov,415,-9,0,100,0,0,Veneto
1-dic,422,-3.4,0,100,0,0,Veneto
2-dic,425,-1.4,0,100,0,0,Veneto
3-dic,417,-4.4,0,100,0,0,Veneto
4-dic,422,-2.8,0,100,0,0,Veneto
5-dic,425,-1.9,0,100,0,0,Veneto
6-dic,442,3.6,0,100,0,0,Veneto
7-dic,453,9,0,100,0,0,Veneto
8-dic,465,10.2,0,100,0,0,Veneto
9-dic,458,7.8,0,100,0,0,Veneto
10-dic,470,12.9,0,100,0,0,Veneto
11-dic,474,12.2,0,100,0,0,Veneto
12-dic,504,18.8,0,100,0,0,Veneto
13-dic,518,17.2,0,100,0,0,Veneto
14-dic,523,15.6,0,100,0,0,Veneto
15-dic,527,13.3,0,100,0,0,Veneto
16-dic,555,21.3,0,100,0,0,Veneto
17-dic,559,18.9,0,100,0,0,Veneto
18-dic,566,19.4,0,100,0,0,Veneto
19-dic,540,7.1,0,100,0,0,Veneto
20-dic,536,3.5,0,100,0,0,Veneto
21-dic,531,1.4,0,100,0,0,Veneto
22-dic,526,-0.2,0,100,0,0,Veneto
23-dic,516,-7,0,100,0,0,Veneto
24-dic,505,-9.7,0,0,0,100,Veneto
25-dic,521,-7.9,0,0,0,100,Veneto
26-dic,495,-8.5,0,0,0,100,Veneto
27-dic,484,-9.7,0,0,0,100,Veneto
28-dic,488,-8.1,0,0,100,0,Veneto
29-dic,479,-8.9,0,0,100,0,Veneto
30-dic,471,-8.7,0,0,100,0,Veneto
31-dic,491,-2.7,0,0,0,100,Veneto
1-gen,487,-6.6,0,0,0,100,Veneto
2-gen,500,1.1,0,0,0,100,Veneto
3-gen,502,3.7,0,0,0,100,Veneto
4-gen,479,-1.7,0,0,100,0,Veneto
5-gen,489,2.2,0,0,0,100,Veneto
6-gen,503,6.6,0,0,0,100,Veneto
7-gen,478,-2.6,0,100,0,0,Veneto
8-gen,449,-7.7,0,100,0,0,Veneto
9-gen,448,-10.4,0,0,100,0,Veneto
10-gen,422,-15.8,0,0,100,0,Veneto
11-gen,423,-11.7,0,0,100,0,Veneto
12-gen,402,-17.8,0,0,100,0,Veneto
13-gen,367,-27.1,0,0,100,0,Veneto
14-gen,336,-29.8,0,0,100,0,Veneto
15-gen,289,-35.8,0,0,100,0,Veneto
16-gen,265,-40.9,0,0,100,0,Veneto
17-gen,248,-41.2,0,0,100,0,Veneto
18-gen,234,-44.7,0,0,100,0,Veneto
19-gen,210,-47.9,0,0,100,0,Veneto
20-gen,199,-45.7,0,0,100,0,Veneto
21-gen,177,-47.2,0,0,100,0,Veneto
22-gen,180,-37.7,0,0,100,0,Veneto
,,,,,,,
,,,,,,,
,,,,,,,
,,,,,,,
,,,,,,,
,,,,,,,
,,,,,,,
,,,,,,,
,,,,,,,
,,,,,,,
1-ott,19,30.4,100,0,0,0,Piemonte
2-ott,21,47.5,100,0,0,0,Piemonte
3-ott,25,66,100,0,0,0,Piemonte
4-ott,26,63.8,100,0,0,0,Piemonte
5-ott,27,60.3,100,0,0,0,Piemonte
6-ott,31,78.1,100,0,0,0,Piemonte
7-ott,33,76.1,100,0,0,0,Piemonte
8-ott,39,101.9,100,0,0,0,Piemonte
9-ott,43,100,100,0,0,0,Piemonte
10-ott,48,88.8,100,0,0,0,Piemonte
11-ott,53,102.6,100,0,0,0,Piemonte
12-ott,61,124.2,100,0,0,0,Piemonte
13-ott,68,121.9,100,0,0,0,Piemonte
14-ott,73,118.6,100,0,0,0,Piemonte
15-ott,89,130.7,100,0,0,0,Piemonte
16-ott,99,130.7,100,0,0,0,Piemonte
17-ott,110,129,100,0,0,0,Piemonte
18-ott,126,136.5,100,0,0,0,Piemonte
19-ott,137,125.6,100,0,0,0,Piemonte
20-ott,156,128.1,100,0,0,0,Piemonte
21-ott,185,153.8,100,0,0,0,Piemonte
22-ott,197,121.5,100,0,0,0,Piemonte
23-ott,225,128,100,0,0,0,Piemonte
24-ott,238,117.5,100,0,0,0,Piemonte
25-ott,265,110.4,100,0,0,0,Piemonte
26-ott,281,105.1,100,0,0,0,Piemonte
27-ott,305,96.2,100,0,0,0,Piemonte
28-ott,329,77.4,100,0,0,0,Piemonte
29-ott,353,78.8,100,0,0,0,Piemonte
30-ott,368,63.7,100,0,0,0,Piemonte
31-ott,399,67.5,100,0,0,0,Piemonte
1-nov,393,48.3,100,0,0,0,Piemonte
2-nov,402,43,100,0,0,0,Piemonte
3-nov,418,37,100,0,0,0,Piemonte
4-nov,435,32.4,100,0,0,0,Piemonte
5-nov,449,27.3,100,0,0,0,Piemonte
6-nov,498,35.3,0,0,0,100,Piemonte
7-nov,534,33.8,0,0,0,100,Piemonte
8-nov,577,46.7,0,0,0,100,Piemonte
9-nov,597,48.5,0,0,0,100,Piemonte
10-nov,608,45.4,0,0,0,100,Piemonte
11-nov,594,36.4,0,0,0,100,Piemonte
12-nov,631,40.5,0,0,0,100,Piemonte
13-nov,639,28.3,0,0,0,100,Piemonte
14-nov,640,19.9,0,0,0,100,Piemonte
15-nov,636,10.2,0,0,0,100,Piemonte
16-nov,649,8.8,0,0,0,100,Piemonte
17-nov,625,2.8,0,0,0,100,Piemonte
18-nov,633,6.6,0,0,0,100,Piemonte
19-nov,646,2.4,0,0,0,100,Piemonte
20-nov,613,-4,0,0,0,100,Piemonte
21-nov,577,-9.8,0,0,0,100,Piemonte
22-nov,553,-12.9,0,0,0,100,Piemonte
23-nov,513,-20.9,0,0,0,100,Piemonte
24-nov,501,-19.8,0,0,0,100,Piemonte
25-nov,492,-22.3,0,0,0,100,Piemonte
26-nov,432,-33.1,0,0,0,100,Piemonte
27-nov,416,-32.2,0,0,0,100,Piemonte
28-nov,399,-30.9,0,0,0,100,Piemonte
29-nov,385,-30.5,0,0,100,0,Piemonte
30-nov,372,-27.5,0,0,100,0,Piemonte
1-dic,362,-27.8,0,0,100,0,Piemonte
2-dic,332,-32.6,0,0,100,0,Piemonte
3-dic,320,-26,0,0,100,0,Piemonte
4-dic,296,-28.7,0,0,100,0,Piemonte
5-dic,280,-29.7,0,0,100,0,Piemonte
6-dic,263,-31.6,0,0,100,0,Piemonte
7-dic,257,-31,0,0,100,0,Piemonte
8-dic,241,-33.3,0,0,100,0,Piemonte
9-dic,226,-31.8,0,0,100,0,Piemonte
10-dic,197,-38.2,0,0,100,0,Piemonte
11-dic,184,-37.9,0,0,100,0,Piemonte
12-dic,184,-34.4,0,0,100,0,Piemonte
13-dic,178,-32.4,0,100,0,0,Piemonte
14-dic,169,-34.1,0,100,0,0,Piemonte
15-dic,173,-28.5,0,100,0,0,Piemonte
16-dic,180,-20.6,0,100,0,0,Piemonte
17-dic,178,-10,0,100,0,0,Piemonte
18-dic,170,-7.8,0,100,0,0,Piemonte
19-dic,151,-17.7,0,100,0,0,Piemonte
20-dic,147,-17.3,0,100,0,0,Piemonte
21-dic,149,-11.9,0,100,0,0,Piemonte
22-dic,136,-21.2,0,100,0,0,Piemonte
23-dic,130,-27.9,0,100,0,0,Piemonte
24-dic,134,-24.8,0,0,0,100,Piemonte
25-dic,126,-25.8,0,0,0,100,Piemonte
26-dic,121,-20.1,0,0,0,100,Piemonte
27-dic,113,-23.5,0,0,0,100,Piemonte
28-dic,106,-29,0,0,100,0,Piemonte
29-dic,113,-17.3,0,0,100,0,Piemonte
30-dic,115,-11.1,0,0,100,0,Piemonte
31-dic,122,-8.5,0,0,0,100,Piemonte
1-gen,127,0.5,0,0,0,100,Piemonte
2-gen,127,5,0,0,0,100,Piemonte
3-gen,133,18.2,0,0,0,100,Piemonte
4-gen,136,28.7,0,0,100,0,Piemonte
5-gen,142,26.4,0,0,0,100,Piemonte
6-gen,145,25.9,0,0,0,100,Piemonte
7-gen,137,11.7,0,100,0,0,Piemonte
8-gen,132,4.2,0,100,0,0,Piemonte
9-gen,157,23.8,0,0,100,0,Piemonte
10-gen,158,19,0,0,100,0,Piemonte
11-gen,162,19.1,0,100,0,0,Piemonte
12-gen,157,10.6,0,100,0,0,Piemonte
13-gen,154,6.1,0,100,0,0,Piemonte
14-gen,150,10.1,0,100,0,0,Piemonte
15-gen,151,14.6,0,100,0,0,Piemonte
16-gen,140,-10.7,0,100,0,0,Piemonte
17-gen,133,-16,0,0,100,0,Piemonte
18-gen,129,-20.4,0,0,100,0,Piemonte
19-gen,125,-20.7,0,0,100,0,Piemonte
20-gen,116,-24.9,0,0,100,0,Piemonte
21-gen,113,-24.6,0,0,100,0,Piemonte
22-gen,113,-25.3,0,0,100,0,Piemonte
,,,,,,,
,,,,,,,
,,,,,,,
,,,,,,,
,,,,,,,
,,,,,,,
,,,,,,,
,,,,,,,
,,,,,,,
,,,,,,,
1-ott,19,8.3,100,0,0,0,Friuli VG
2-ott,22,22.9,100,0,0,0,Friuli VG
3-ott,21,10.6,100,0,0,0,Friuli VG
4-ott,23,22.1,100,0,0,0,Friuli VG
5-ott,25,36.8,100,0,0,0,Friuli VG
6-ott,27,38.5,100,0,0,0,Friuli VG
7-ott,30,79.5,100,0,0,0,Friuli VG
8-ott,35,79.9,100,0,0,0,Friuli VG
9-ott,41,90.5,100,0,0,0,Friuli VG
10-ott,47,121.5,100,0,0,0,Friuli VG
11-ott,51,120.9,100,0,0,0,Friuli VG
12-ott,54,119.6,100,0,0,0,Friuli VG
13-ott,53,100,100,0,0,0,Friuli VG
14-ott,62,106,100,0,0,0,Friuli VG
15-ott,65,86.2,100,0,0,0,Friuli VG
16-ott,66,60.3,100,0,0,0,Friuli VG
17-ott,69,46.5,100,0,0,0,Friuli VG
18-ott,74,44.8,100,0,0,0,Friuli VG
19-ott,77,41.1,100,0,0,0,Friuli VG
20-ott,84,58.3,100,0,0,0,Friuli VG
21-ott,87,40.2,100,0,0,0,Friuli VG
22-ott,94,46.3,100,0,0,0,Friuli VG
23-ott,109,64.6,100,0,0,0,Friuli VG
24-ott,129,85.7,100,0,0,0,Friuli VG
25-ott,144,93.6,100,0,0,0,Friuli VG
26-ott,164,113.3,100,0,0,0,Friuli VG
27-ott,173,104.7,100,0,0,0,Friuli VG
28-ott,188,115.1,100,0,0,0,Friuli VG
29-ott,209,121,100,0,0,0,Friuli VG
30-ott,222,104.2,100,0,0,0,Friuli VG
31-ott,248,92.3,100,0,0,0,Friuli VG
1-nov,254,76.6,100,0,0,0,Friuli VG
2-nov,244,49.1,100,0,0,0,Friuli VG
3-nov,254,47.2,100,0,0,0,Friuli VG
4-nov,257,36.5,100,0,0,0,Friuli VG
5-nov,263,26.2,100,0,0,0,Friuli VG
6-nov,266,19.9,0,100,0,0,Friuli VG
7-nov,278,12.2,0,100,0,0,Friuli VG
8-nov,287,13,0,100,0,0,Friuli VG
9-nov,295,20.9,0,100,0,0,Friuli VG
10-nov,305,19.7,0,100,0,0,Friuli VG
11-nov,316,22.9,0,100,0,0,Friuli VG
12-nov,340,29.1,0,100,0,0,Friuli VG
13-nov,364,36.5,0,100,0,0,Friuli VG
14-nov,338,21.3,0,0,100,0,Friuli VG
15-nov,346,20.8,0,0,100,0,Friuli VG
16-nov,358,21.2,0,0,100,0,Friuli VG
17-nov,362,18.8,0,0,100,0,Friuli VG
18-nov,380,20.5,0,0,100,0,Friuli VG
19-nov,410,20.6,0,0,100,0,Friuli VG
20-nov,425,17,0,0,100,0,Friuli VG
21-nov,465,37.7,0,0,100,0,Friuli VG
22-nov,471,35.9,0,0,100,0,Friuli VG
23-nov,464,29.9,0,0,100,0,Friuli VG
24-nov,466,28.7,0,0,100,0,Friuli VG
25-nov,458,20.3,0,0,100,0,Friuli VG
26-nov,426,3.9,0,0,100,0,Friuli VG
27-nov,413,-2.8,0,0,100,0,Friuli VG
28-nov,445,-4.3,0,0,100,0,Friuli VG
29-nov,446,-5.3,0,0,100,0,Friuli VG
30-nov,462,-0.5,0,0,100,0,Friuli VG
1-dic,477,2.4,0,0,100,0,Friuli VG
2-dic,487,6.3,0,0,100,0,Friuli VG
3-dic,483,13.4,0,0,100,0,Friuli VG
4-dic,498,20.4,0,0,100,0,Friuli VG
5-dic,442,-0.8,0,0,100,0,Friuli VG
6-dic,444,-0.5,0,100,0,0,Friuli VG
7-dic,426,-7.8,0,100,0,0,Friuli VG
8-dic,420,-12.1,0,100,0,0,Friuli VG
9-dic,405,-16.8,0,100,0,0,Friuli VG
10-dic,397,-17.9,0,100,0,0,Friuli VG
11-dic,380,-23.6,0,100,0,0,Friuli VG
12-dic,391,-11.5,0,100,0,0,Friuli VG
13-dic,380,-14.3,0,100,0,0,Friuli VG
14-dic,384,-9.9,0,100,0,0,Friuli VG
15-dic,398,-5.1,0,100,0,0,Friuli VG
16-dic,410,1.3,0,100,0,0,Friuli VG
17-dic,413,4.1,0,100,0,0,Friuli VG
18-dic,405,6.6,0,100,0,0,Friuli VG
19-dic,413,5.6,0,100,0,0,Friuli VG
20-dic,420,10.4,0,100,0,0,Friuli VG
21-dic,407,6,0,100,0,0,Friuli VG
22-dic,384,-3.6,0,100,0,0,Friuli VG
23-dic,362,-11.7,0,100,0,0,Friuli VG
24-dic,372,-9.9,0,0,0,100,Friuli VG
25-dic,358,-11.7,0,0,0,100,Friuli VG
26-dic,296,-28.2,0,0,0,100,Friuli VG
27-dic,254,-39.5,0,0,0,100,Friuli VG
28-dic,249,-38.7,0,0,100,0,Friuli VG
29-dic,245,-36.2,0,0,100,0,Friuli VG
30-dic,269,-25.7,0,0,100,0,Friuli VG
31-dic,273,-26.7,0,0,0,100,Friuli VG
1-gen,283,-20.9,0,0,0,100,Friuli VG
2-gen,294,-0.7,0,0,0,100,Friuli VG
3-gen,299,17.7,0,0,0,100,Friuli VG
4-gen,307,23,0,0,100,0,Friuli VG
5-gen,323,31.9,0,0,0,100,Friuli VG
6-gen,339,26.2,0,0,0,100,Friuli VG
7-gen,322,18.2,0,100,0,0,Friuli VG
8-gen,315,11.4,0,100,0,0,Friuli VG
9-gen,369,25.5,0,0,100,0,Friuli VG
10-gen,406,35.7,0,0,100,0,Friuli VG
11-gen,412,34.4,0,100,0,0,Friuli VG
12-gen,409,26.7,0,100,0,0,Friuli VG
13-gen,372,9.5,0,100,0,0,Friuli VG
14-gen,383,18.7,0,100,0,0,Friuli VG
15-gen,406,28.7,0,100,0,0,Friuli VG
16-gen,394,6.7,0,100,0,0,Friuli VG
17-gen,373,-8.1,0,0,100,0,Friuli VG
18-gen,356,-13.7,0,0,100,0,Friuli VG
19-gen,340,-16.9,0,0,100,0,Friuli VG
20-gen,350,-5.7,0,0,100,0,Friuli VG
21-gen,338,-11.6,0,0,100,0,Friuli VG
22-gen,300,-26.2,0,0,100,0,Friuli VG
,,,,,,,
,,,,,,,
,,,,,,,
,,,,,,,
,,,,,,,
,,,,,,,
,,,,,,,
,,,,,,,
,,,,,,,
,,,,,,,
1-ott,22,47.4,100,0,0,0,Valle d'Aosta
2-ott,30,216.7,100,0,0,0,Valle d'Aosta
3-ott,21,17.4,100,0,0,0,Valle d'Aosta
4-ott,27,70,100,0,0,0,Valle d'Aosta
5-ott,37,142.1,100,0,0,0,Valle d'Aosta
6-ott,34,65.4,100,0,0,0,Valle d'Aosta
7-ott,41,73.3,100,0,0,0,Valle d'Aosta
8-ott,55,146.4,100,0,0,0,Valle d'Aosta
9-ott,60,100,100,0,0,0,Valle d'Aosta
10-ott,95,344.4,100,0,0,0,Valle d'Aosta
11-ott,104,285.3,100,0,0,0,Valle d'Aosta
12-ott,119,226.1,100,0,0,0,Valle d'Aosta
13-ott,142,314,100,0,0,0,Valle d'Aosta
14-ott,159,284.6,100,0,0,0,Valle d'Aosta
15-ott,198,260.9,100,0,0,0,Valle d'Aosta
16-ott,205,239.5,100,0,0,0,Valle d'Aosta
17-ott,232,143.3,100,0,0,0,Valle d'Aosta
18-ott,276,164.9,100,0,0,0,Valle d'Aosta
19-ott,358,200,100,0,0,0,Valle d'Aosta
20-ott,392,176.4,100,0,0,0,Valle d'Aosta
21-ott,450,183,100,0,0,0,Valle d'Aosta
22-ott,466,135.3,100,0,0,0,Valle d'Aosta
23-ott,522,154.3,100,0,0,0,Valle d'Aosta
24-ott,549,136.3,100,0,0,0,Valle d'Aosta
25-ott,568,105.8,100,0,0,0,Valle d'Aosta
26-ott,575,60.7,100,0,0,0,Valle d'Aosta
27-ott,561,43.3,100,0,0,0,Valle d'Aosta
28-ott,534,18.6,100,0,0,0,Valle d'Aosta
29-ott,606,30,100,0,0,0,Valle d'Aosta
30-ott,653,25,100,0,0,0,Valle d'Aosta
31-ott,646,17.7,100,0,0,0,Valle d'Aosta
1-nov,676,19,100,0,0,0,Valle d'Aosta
2-nov,659,14.5,100,0,0,0,Valle d'Aosta
3-nov,688,22.7,100,0,0,0,Valle d'Aosta
4-nov,730,36.7,100,0,0,0,Valle d'Aosta
5-nov,679,11.9,100,0,0,0,Valle d'Aosta
6-nov,658,0.9,0,0,0,100,Valle d'Aosta
7-nov,668,3.4,0,0,0,100,Valle d'Aosta
8-nov,605,-10.6,0,0,0,100,Valle d'Aosta
9-nov,668,1.3,0,0,0,100,Valle d'Aosta
10-nov,694,0.8,0,0,0,100,Valle d'Aosta
11-nov,691,-5.3,0,0,0,100,Valle d'Aosta
12-nov,733,8,0,0,0,100,Valle d'Aosta
13-nov,712,8.2,0,0,0,100,Valle d'Aosta
14-nov,814,21.8,0,0,0,100,Valle d'Aosta
15-nov,884,46.2,0,0,0,100,Valle d'Aosta
16-nov,803,20.3,0,0,0,100,Valle d'Aosta
17-nov,824,18.8,0,0,0,100,Valle d'Aosta
18-nov,794,15,0,0,0,100,Valle d'Aosta
19-nov,734,0.1,0,0,0,100,Valle d'Aosta
20-nov,775,8.8,0,0,0,100,Valle d'Aosta
21-nov,653,-19.8,0,0,0,100,Valle d'Aosta
22-nov,618,-30.2,0,0,0,100,Valle d'Aosta
23-nov,600,-25.3,0,0,0,100,Valle d'Aosta
24-nov,536,-35,0,0,0,100,Valle d'Aosta
25-nov,488,-38.6,0,0,0,100,Valle d'Aosta
26-nov,450,-38.6,0,0,0,100,Valle d'Aosta
27-nov,407,-47.4,0,0,0,100,Valle d'Aosta
28-nov,392,-39.9,0,0,0,100,Valle d'Aosta
29-nov,351,-43.2,0,0,0,100,Valle d'Aosta
30-nov,327,-45.5,0,0,0,100,Valle d'Aosta
1-dic,289,-46.1,0,0,0,100,Valle d'Aosta
2-dic,301,-38.3,0,0,0,100,Valle d'Aosta
3-dic,299,-33.6,0,0,0,100,Valle d'Aosta
4-dic,240,-41,0,0,0,100,Valle d'Aosta
5-dic,220,-44,0,0,0,100,Valle d'Aosta
6-dic,209,-40.4,0,0,100,0,Valle d'Aosta
7-dic,189,-42.1,0,0,100,0,Valle d'Aosta
8-dic,184,-36.4,0,0,100,0,Valle d'Aosta
9-dic,164,-45.5,0,0,100,0,Valle d'Aosta
10-dic,145,-51.6,0,0,100,0,Valle d'Aosta
11-dic,132,-45,0,0,100,0,Valle d'Aosta
12-dic,115,-47.5,0,0,100,0,Valle d'Aosta
13-dic,115,-44.9,0,0,100,0,Valle d'Aosta
14-dic,109,-42.4,0,0,100,0,Valle d'Aosta
15-dic,111,-39.8,0,0,100,0,Valle d'Aosta
16-dic,127,-22.3,0,0,100,0,Valle d'Aosta
17-dic,128,-11.5,0,0,100,0,Valle d'Aosta
18-dic,138,4.8,0,0,100,0,Valle d'Aosta
19-dic,137,18.6,0,0,100,0,Valle d'Aosta
20-dic,127,10.3,0,100,0,0,Valle d'Aosta
21-dic,123,13.1,0,100,0,0,Valle d'Aosta
22-dic,134,20.9,0,100,0,0,Valle d'Aosta
23-dic,112,-11.9,0,100,0,0,Valle d'Aosta
24-dic,125,-2.5,0,0,0,100,Valle d'Aosta
25-dic,115,-17.2,0,0,0,100,Valle d'Aosta
26-dic,115,-15.7,0,0,0,100,Valle d'Aosta
27-dic,119,-6.3,0,0,0,100,Valle d'Aosta
28-dic,161,30.3,0,0,100,0,Valle d'Aosta
29-dic,125,-6.5,0,0,100,0,Valle d'Aosta
30-dic,127,13.5,0,0,100,0,Valle d'Aosta
31-dic,123,-1.9,0,0,0,100,Valle d'Aosta
1-gen,127,11.1,0,0,0,100,Valle d'Aosta
2-gen,114,-1.4,0,0,0,100,Valle d'Aosta
3-gen,120,0.7,0,0,0,100,Valle d'Aosta
4-gen,93,-42.1,0,0,100,0,Valle d'Aosta
5-gen,119,-4.5,0,0,0,100,Valle d'Aosta
6-gen,129,1.3,0,0,0,100,Valle d'Aosta
7-gen,132,7.8,0,100,0,0,Valle d'Aosta
8-gen,138,8.8,0,100,0,0,Valle d'Aosta
9-gen,150,32.2,0,0,100,0,Valle d'Aosta
10-gen,138,14.6,0,0,100,0,Valle d'Aosta
11-gen,138,47.9,0,100,0,0,Valle d'Aosta
12-gen,132,10.7,0,100,0,0,Valle d'Aosta
13-gen,127,-1.9,0,100,0,0,Valle d'Aosta
14-gen,113,-14.5,0,100,0,0,Valle d'Aosta
15-gen,109,-21.3,0,100,0,0,Valle d'Aosta
16-gen,107,-28.6,0,100,0,0,Valle d'Aosta
17-gen,107,-22.5,0,0,100,0,Valle d'Aosta
18-gen,94,-31.8,0,0,100,0,Valle d'Aosta
19-gen,110,-16.9,0,0,100,0,Valle d'Aosta
20-gen,91,-28.3,0,0,100,0,Valle d'Aosta
21-gen,92,-19,0,0,100,0,Valle d'Aosta
22-gen,91,-16.8,0,0,100,0,Valle d'Aosta
,,,,,,,
,,,,,,,
,,,,,,,
,,,,,,,
,,,,,,,
,,,,,,,
,,,,,,,
,,,,,,,
,,,,,,,
,,,,,,,
1-ott,37,-17.9,100,0,0,0,Liguria
2-ott,41,4.4,100,0,0,0,Liguria
3-ott,46,11.5,100,0,0,0,Liguria
4-ott,50,31.8,100,0,0,0,Liguria
5-ott,50,22.2,100,0,0,0,Liguria
6-ott,56,38.4,100,0,0,0,Liguria
7-ott,64,74.4,100,0,0,0,Liguria
8-ott,66,78.8,100,0,0,0,Liguria
9-ott,70,68.8,100,0,0,0,Liguria
10-ott,73,60.5,100,0,0,0,Liguria
11-ott,90,78.8,100,0,0,0,Liguria
12-ott,95,89.4,100,0,0,0,Liguria
13-ott,113,103.7,100,0,0,0,Liguria
14-ott,125,96.8,100,0,0,0,Liguria
15-ott,143,116.1,100,0,0,0,Liguria
16-ott,168,140.9,100,0,0,0,Liguria
17-ott,185,152.2,100,0,0,0,Liguria
18-ott,184,103.3,100,0,0,0,Liguria
19-ott,192,101.7,100,0,0,0,Liguria
20-ott,222,96.1,100,0,0,0,Liguria
21-ott,234,86.8,100,0,0,0,Liguria
22-ott,251,74.8,100,0,0,0,Liguria
23-ott,263,56.2,100,0,0,0,Liguria
24-ott,300,62.4,100,0,0,0,Liguria
25-ott,318,73.4,100,0,0,0,Liguria
26-ott,325,68.7,100,0,0,0,Liguria
27-ott,339,52.5,100,0,0,0,Liguria
28-ott,363,55.3,100,0,0,0,Liguria
29-ott,384,53.4,100,0,0,0,Liguria
30-ott,399,51.6,100,0,0,0,Liguria
31-ott,401,33.7,100,0,0,0,Liguria
1-nov,406,27.5,100,0,0,0,Liguria
2-nov,417,28.6,100,0,0,0,Liguria
3-nov,413,21.8,100,0,0,0,Liguria
4-nov,425,17.1,100,0,0,0,Liguria
5-nov,437,13.8,100,0,0,0,Liguria
6-nov,446,11.8,0,100,0,0,Liguria
7-nov,447,11.6,0,100,0,0,Liguria
8-nov,457,12.6,0,100,0,0,Liguria
9-nov,453,8.5,0,100,0,0,Liguria
10-nov,461,11.7,0,100,0,0,Liguria
11-nov,459,8.1,0,0,100,0,Liguria
12-nov,447,2.2,0,0,100,0,Liguria
13-nov,452,1.4,0,0,100,0,Liguria
14-nov,452,1.1,0,0,100,0,Liguria
15-nov,448,-2,0,0,100,0,Liguria
16-nov,437,-3.6,0,0,100,0,Liguria
17-nov,405,-12,0,0,100,0,Liguria
18-nov,384,-16.4,0,0,100,0,Liguria
19-nov,370,-17.2,0,0,100,0,Liguria
20-nov,341,-24.5,0,0,100,0,Liguria
21-nov,320,-29.2,0,0,100,0,Liguria
22-nov,306,-31.6,0,0,100,0,Liguria
23-nov,301,-31.1,0,0,100,0,Liguria
24-nov,290,-28.5,0,0,100,0,Liguria
25-nov,270,-29.9,0,0,100,0,Liguria
26-nov,255,-31.1,0,0,100,0,Liguria
27-nov,245,-28.1,0,0,100,0,Liguria
28-nov,225,-29.6,0,0,100,0,Liguria
29-nov,214,-30.1,0,100,0,0,Liguria
30-nov,211,-29.9,0,100,0,0,Liguria
1-dic,200,-31,0,100,0,0,Liguria
2-dic,193,-28.4,0,100,0,0,Liguria
3-dic,183,-28.2,0,100,0,0,Liguria
4-dic,168,-31.5,0,100,0,0,Liguria
5-dic,159,-29.5,0,100,0,0,Liguria
6-dic,150,-29.8,0,100,0,0,Liguria
7-dic,143,-32.1,0,100,0,0,Liguria
8-dic,139,-30.7,0,100,0,0,Liguria
9-dic,128,-33.4,0,100,0,0,Liguria
10-dic,122,-33.5,0,100,0,0,Liguria
11-dic,120,-28.5,0,100,0,0,Liguria
12-dic,117,-26.5,0,100,0,0,Liguria
13-dic,119,-21.1,0,100,0,0,Liguria
14-dic,125,-13,0,100,0,0,Liguria
15-dic,121,-13,0,100,0,0,Liguria
16-dic,126,-1.9,0,100,0,0,Liguria
17-dic,132,8.5,0,100,0,0,Liguria
18-dic,129,7.2,0,100,0,0,Liguria
19-dic,129,10.7,0,100,0,0,Liguria
20-dic,126,6.5,0,100,0,0,Liguria
21-dic,123,-1.1,0,100,0,0,Liguria
22-dic,124,3,0,100,0,0,Liguria
23-dic,121,-3.8,0,100,0,0,Liguria
24-dic,116,-12.6,0,0,0,100,Liguria
25-dic,126,-2.4,0,0,0,100,Liguria
26-dic,110,-14.6,0,0,0,100,Liguria
27-dic,98,-22.1,0,0,0,100,Liguria
28-dic,98,-20.4,0,0,100,0,Liguria
29-dic,104,-16.3,0,0,100,0,Liguria
30-dic,116,-4.3,0,0,100,0,Liguria
31-dic,125,8.4,0,0,0,100,Liguria
1-gen,123,-2.1,0,0,0,100,Liguria
2-gen,134,21.4,0,0,0,100,Liguria
3-gen,142,44.1,0,0,0,100,Liguria
4-gen,144,46.6,0,0,100,0,Liguria
5-gen,150,44.6,0,0,0,100,Liguria
6-gen,147,26.8,0,0,0,100,Liguria
7-gen,129,3.2,0,100,0,0,Liguria
8-gen,129,4.3,0,100,0,0,Liguria
9-gen,149,11.4,0,0,100,0,Liguria
10-gen,159,12.2,0,0,100,0,Liguria
11-gen,161,11.6,0,100,0,0,Liguria
12-gen,152,1.4,0,100,0,0,Liguria
13-gen,154,4.9,0,100,0,0,Liguria
14-gen,160,24,0,100,0,0,Liguria
15-gen,151,17.4,0,100,0,0,Liguria
16-gen,138,-7.8,0,100,0,0,Liguria
17-gen,128,-19.4,0,0,100,0,Liguria
18-gen,131,-18.7,0,0,100,0,Liguria
19-gen,128,-16,0,0,100,0,Liguria
20-gen,121,-21.6,0,0,100,0,Liguria
21-gen,118,-26.4,0,0,100,0,Liguria
22-gen,122,-19.3,0,0,100,0,Liguria
,,,,,,,
,,,,,,,
,,,,,,,
,,,,,,,
,,,,,,,
,,,,,,,
,,,,,,,
,,,,,,,
,,,,,,,
,,,,,,,
1-ott,43,49,100,0,0,0,Trento
2-ott,46,54.3,100,0,0,0,Trento
3-ott,48,36.6,100,0,0,0,Trento
4-ott,47,34.6,100,0,0,0,Trento
5-ott,52,36.9,100,0,0,0,Trento
6-ott,57,59.3,100,0,0,0,Trento
7-ott,56,45.5,100,0,0,0,Trento
8-ott,58,34.6,100,0,0,0,Trento
9-ott,58,26,100,0,0,0,Trento
10-ott,56,16.1,100,0,0,0,Trento
11-ott,57,21.7,100,0,0,0,Trento
12-ott,48,-7.4,100,0,0,0,Trento
13-ott,46,-19.4,100,0,0,0,Trento
14-ott,45,-19.1,100,0,0,0,Trento
15-ott,46,-21,100,0,0,0,Trento
16-ott,59,1.9,100,0,0,0,Trento
17-ott,65,16.5,100,0,0,0,Trento
18-ott,67,17.5,100,0,0,0,Trento
19-ott,81,68.2,100,0,0,0,Trento
20-ott,93,102.8,100,0,0,0,Trento
21-ott,115,153.7,100,0,0,0,Trento
22-ott,132,187.1,100,0,0,0,Trento
23-ott,150,152.6,100,0,0,0,Trento
24-ott,165,152.4,100,0,0,0,Trento
25-ott,175,161.6,100,0,0,0,Trento
26-ott,181,123.5,100,0,0,0,Trento
27-ott,211,126.5,100,0,0,0,Trento
28-ott,219,90.2,100,0,0,0,Trento
29-ott,223,68.8,100,0,0,0,Trento
30-ott,226,50.7,100,0,0,0,Trento
31-ott,268,62.7,100,0,0,0,Trento
1-nov,288,64.3,100,0,0,0,Trento
2-nov,301,66.2,100,0,0,0,Trento
3-nov,274,29.8,100,0,0,0,Trento
4-nov,281,28,100,0,0,0,Trento
5-nov,308,38,100,0,0,0,Trento
6-nov,315,39.5,0,100,0,0,Trento
7-nov,289,8,0,100,0,0,Trento
8-nov,284,-1.2,0,100,0,0,Trento
9-nov,297,-1.3,0,100,0,0,Trento
10-nov,321,17.1,0,100,0,0,Trento
11-nov,327,16.3,0,100,0,0,Trento
12-nov,314,2,0,100,0,0,Trento
13-nov,303,-3.8,0,100,0,0,Trento
14-nov,295,1.9,0,100,0,0,Trento
15-nov,311,9.4,0,100,0,0,Trento
16-nov,297,-0.1,0,100,0,0,Trento
17-nov,303,-5.8,0,100,0,0,Trento
18-nov,300,-8.2,0,100,0,0,Trento
19-nov,302,-3.8,0,100,0,0,Trento
20-nov,308,1.6,0,100,0,0,Trento
21-nov,309,4.8,0,100,0,0,Trento
22-nov,289,-7,0,100,0,0,Trento
23-nov,273,-8.1,0,100,0,0,Trento
24-nov,248,-18.1,0,100,0,0,Trento
25-nov,238,-20.7,0,100,0,0,Trento
26-nov,243,-19.4,0,100,0,0,Trento
27-nov,242,-21.3,0,100,0,0,Trento
28-nov,244,-21.2,0,100,0,0,Trento
29-nov,263,-8.9,0,100,0,0,Trento
30-nov,279,2.2,0,100,0,0,Trento
1-dic,281,13.3,0,100,0,0,Trento
2-dic,299,26,0,100,0,0,Trento
3-dic,289,18.6,0,100,0,0,Trento
4-dic,293,21,0,100,0,0,Trento
5-dic,295,20.9,0,100,0,0,Trento
6-dic,286,8.5,0,100,0,0,Trento
7-dic,284,1.8,0,100,0,0,Trento
8-dic,282,0.5,0,100,0,0,Trento
9-dic,265,-11.6,0,100,0,0,Trento
10-dic,261,-9.7,0,100,0,0,Trento
11-dic,243,-17.2,0,100,0,0,Trento
12-dic,242,-17.8,0,100,0,0,Trento
13-dic,231,-19,0,100,0,0,Trento
14-dic,222,-21.8,0,100,0,0,Trento
15-dic,264,-6.5,0,100,0,0,Trento
16-dic,276,4.1,0,100,0,0,Trento
17-dic,321,23.2,0,100,0,0,Trento
18-dic,338,39,0,100,0,0,Trento
19-dic,331,36.5,0,100,0,0,Trento
20-dic,322,39,0,100,0,0,Trento
21-dic,311,40.3,0,100,0,0,Trento
22-dic,267,1,0,100,0,0,Trento
23-dic,251,-9,0,100,0,0,Trento
24-dic,209,-34.8,0,0,0,100,Trento
25-dic,191,-43.4,0,0,0,100,Trento
26-dic,180,-45.4,0,0,0,100,Trento
27-dic,176,-45.2,0,0,0,100,Trento
28-dic,184,-41,0,0,100,0,Trento
29-dic,191,-28.5,0,0,100,0,Trento
30-dic,198,-20.9,0,0,100,0,Trento
31-dic,213,2,0,0,0,100,Trento
1-gen,221,15.4,0,0,0,100,Trento
2-gen,219,21.5,0,0,0,100,Trento
3-gen,227,28.9,0,0,0,100,Trento
4-gen,245,33.2,0,0,100,0,Trento
5-gen,254,33.3,0,0,0,100,Trento
6-gen,256,28.9,0,0,0,100,Trento
7-gen,228,6.8,0,100,0,0,Trento
8-gen,207,-6.2,0,100,0,0,Trento
9-gen,212,-3.4,0,0,100,0,Trento
10-gen,252,10.7,0,0,100,0,Trento
11-gen,229,-6.6,0,100,0,0,Trento
12-gen,230,-9.7,0,100,0,0,Trento
13-gen,225,-12.1,0,100,0,0,Trento
14-gen,243,6.8,0,100,0,0,Trento
15-gen,296,42.8,0,100,0,0,Trento
16-gen,304,43.4,0,100,0,0,Trento
17-gen,265,5.3,0,100,0,0,Trento
18-gen,262,14.8,0,100,0,0,Trento
19-gen,246,6.9,0,100,0,0,Trento
20-gen,265,17.9,0,100,0,0,Trento
21-gen,245,0.5,0,100,0,0,Trento
22-gen,211,-28.6,0,100,0,0,Trento
,,,,,,,
,,,,,,,
,,,,,,,
,,,,,,,
,,,,,,,
,,,,,,,
,,,,,,,
,,,,,,,
,,,,,,,
,,,,,,,
1-ott,34,-10.3,100,0,0,0,Bolzano
2-ott,28,-17.5,100,0,0,0,Bolzano
3-ott,27,-21.5,100,0,0,0,Bolzano
4-ott,29,-17,100,0,0,0,Bolzano
5-ott,28,-23.3,100,0,0,0,Bolzano
6-ott,30,-18.7,100,0,0,0,Bolzano
7-ott,37,12.7,100,0,0,0,Bolzano
8-ott,44,29.1,100,0,0,0,Bolzano
9-ott,56,98,100,0,0,0,Bolzano
10-ott,69,151.4,100,0,0,0,Bolzano
11-ott,79,168.6,100,0,0,0,Bolzano
12-ott,84,202,100,0,0,0,Bolzano
13-ott,87,195.5,100,0,0,0,Bolzano
14-ott,100,173.3,100,0,0,0,Bolzano
15-ott,106,139.1,100,0,0,0,Bolzano
16-ott,114,102.3,100,0,0,0,Bolzano
17-ott,126,82,100,0,0,0,Bolzano
18-ott,142,80.2,100,0,0,0,Bolzano
19-ott,150,77.9,100,0,0,0,Bolzano
20-ott,183,109.1,100,0,0,0,Bolzano
21-ott,195,94.2,100,0,0,0,Bolzano
22-ott,223,110.7,100,0,0,0,Bolzano
23-ott,249,119,100,0,0,0,Bolzano
24-ott,272,116.6,100,0,0,0,Bolzano
25-ott,304,113.9,100,0,0,0,Bolzano
26-ott,348,132.8,100,0,0,0,Bolzano
27-ott,355,94.2,100,0,0,0,Bolzano
28-ott,355,82.1,100,0,0,0,Bolzano
29-ott,364,63.5,100,0,0,0,Bolzano
30-ott,380,52.2,100,0,0,0,Bolzano
31-ott,431,58.1,100,0,0,0,Bolzano
1-nov,467,53.7,100,0,0,0,Bolzano
2-nov,489,40.4,100,0,0,0,Bolzano
3-nov,537,51.3,100,0,0,0,Bolzano
4-nov,548,54.4,100,0,0,0,Bolzano
5-nov,635,74.3,100,0,0,0,Bolzano
6-nov,704,85.3,0,100,0,0,Bolzano
7-nov,746,73.3,0,100,0,0,Bolzano
8-nov,793,69.6,0,100,0,0,Bolzano
9-nov,820,67.7,0,100,0,0,Bolzano
10-nov,797,48.6,0,100,0,0,Bolzano
11-nov,823,50.3,0,0,0,100,Bolzano
12-nov,810,27.6,0,0,0,100,Bolzano
13-nov,831,18.1,0,0,0,100,Bolzano
14-nov,815,9.2,0,0,0,100,Bolzano
15-nov,786,-0.8,0,0,0,100,Bolzano
16-nov,779,-5,0,0,0,100,Bolzano
17-nov,757,-5.1,0,0,0,100,Bolzano
18-nov,794,-3.6,0,0,0,100,Bolzano
19-nov,794,-2,0,0,0,100,Bolzano
20-nov,778,-6.3,0,0,0,100,Bolzano
21-nov,751,-7.8,0,0,0,100,Bolzano
22-nov,734,-6.7,0,0,0,100,Bolzano
23-nov,680,-12.6,0,0,0,100,Bolzano
24-nov,662,-12.5,0,0,0,100,Bolzano
25-nov,617,-22.3,0,0,0,100,Bolzano
26-nov,541,-31.9,0,0,0,100,Bolzano
27-nov,479,-38.4,0,0,0,100,Bolzano
28-nov,469,-37.6,0,0,0,100,Bolzano
29-nov,451,-38.6,0,0,0,100,Bolzano
30-nov,436,-35.9,0,0,0,100,Bolzano
1-dic,424,-36,0,0,0,100,Bolzano
2-dic,419,-32,0,0,0,100,Bolzano
3-dic,435,-19.6,0,0,0,100,Bolzano
4-dic,411,-14.2,0,0,0,100,Bolzano
5-dic,368,-21.5,0,0,0,100,Bolzano
6-dic,333,-26.2,0,0,100,0,Bolzano
7-dic,320,-26.7,0,0,100,0,Bolzano
8-dic,317,-25.2,0,0,100,0,Bolzano
9-dic,301,-28.2,0,0,100,0,Bolzano
10-dic,277,-36.4,0,0,100,0,Bolzano
11-dic,270,-34.2,0,0,100,0,Bolzano
12-dic,267,-27.4,0,0,100,0,Bolzano
13-dic,268,-19.5,0,0,100,0,Bolzano
14-dic,259,-19,0,0,100,0,Bolzano
15-dic,261,-17.8,0,0,100,0,Bolzano
16-dic,271,-10.1,0,0,100,0,Bolzano
17-dic,279,0.8,0,0,100,0,Bolzano
18-dic,263,-2.6,0,0,100,0,Bolzano
19-dic,253,-5.4,0,0,100,0,Bolzano
20-dic,252,-6,0,100,0,0,Bolzano
21-dic,247,-4.6,0,100,0,0,Bolzano
22-dic,250,-4.2,0,100,0,0,Bolzano
23-dic,221,-18.4,0,100,0,0,Bolzano
24-dic,194,-30.6,0,0,0,100,Bolzano
25-dic,196,-25.5,0,0,0,100,Bolzano
26-dic,164,-35.2,0,0,0,100,Bolzano
27-dic,128,-49.1,0,0,0,100,Bolzano
28-dic,143,-42.3,0,0,100,0,Bolzano
29-dic,141,-43.7,0,0,100,0,Bolzano
30-dic,157,-28.7,0,0,100,0,Bolzano
31-dic,180,-7.2,0,0,0,100,Bolzano
1-gen,196,0.1,0,0,0,100,Bolzano
2-gen,208,26.9,0,0,0,100,Bolzano
3-gen,215,67.8,0,0,0,100,Bolzano
4-gen,200,39.8,0,0,100,0,Bolzano
5-gen,210,49.5,0,0,0,100,Bolzano
6-gen,229,45.6,0,0,0,100,Bolzano
7-gen,230,27.9,0,100,0,0,Bolzano
8-gen,210,6.8,0,100,0,0,Bolzano
9-gen,265,27.4,0,0,100,0,Bolzano
10-gen,296,37.6,0,0,100,0,Bolzano
11-gen,313,56.7,0,100,0,0,Bolzano
12-gen,303,44.3,0,100,0,0,Bolzano
13-gen,294,28.3,0,100,0,0,Bolzano
14-gen,277,20.7,0,100,0,0,Bolzano
15-gen,346,65.1,0,100,0,0,Bolzano
16-gen,368,38.9,0,100,0,0,Bolzano
17-gen,377,27.1,0,0,0,100,Bolzano
18-gen,384,22.8,0,0,0,100,Bolzano
19-gen,447,47.5,0,0,0,100,Bolzano
20-gen,480,63.3,0,0,0,100,Bolzano
21-gen,554,99.8,0,0,0,100,Bolzano
22-gen,550,59,0,0,0,100,Bolzano
,,,,,,,
,,,,,,,
,,,,,,,
,,,,,,,
,,,,,,,
,,,,,,,
,,,,,,,
,,,,,,,
,,,,,,,
,,,,,,,
1-ott,11,-1.8,100,0,0,0,Marche
2-ott,11,1.2,100,0,0,0,Marche
3-ott,14,19,100,0,0,0,Marche
4-ott,16,44.9,100,0,0,0,Marche
5-ott,17,67.1,100,0,0,0,Marche
6-ott,18,64.4,100,0,0,0,Marche
7-ott,22,113.6,100,0,0,0,Marche
8-ott,24,122.4,100,0,0,0,Marche
9-ott,25,114.9,100,0,0,0,Marche
10-ott,26,93.7,100,0,0,0,Marche
11-ott,30,86,100,0,0,0,Marche
12-ott,30,79.5,100,0,0,0,Marche
13-ott,34,91,100,0,0,0,Marche
14-ott,39,80.5,100,0,0,0,Marche
15-ott,44,82,100,0,0,0,Marche
16-ott,48,96.3,100,0,0,0,Marche
17-ott,50,91.8,100,0,0,0,Marche
18-ott,57,92.2,100,0,0,0,Marche
19-ott,61,99.1,100,0,0,0,Marche
20-ott,61,82.2,100,0,0,0,Marche
21-ott,65,67.2,100,0,0,0,Marche
22-ott,77,75.7,100,0,0,0,Marche
23-ott,99,106,100,0,0,0,Marche
24-ott,109,116.5,100,0,0,0,Marche
25-ott,130,129.1,100,0,0,0,Marche
26-ott,139,129.2,100,0,0,0,Marche
27-ott,158,158.6,100,0,0,0,Marche
28-ott,166,155.6,100,0,0,0,Marche
29-ott,190,147.3,100,0,0,0,Marche
30-ott,195,96.7,100,0,0,0,Marche
31-ott,210,92.3,100,0,0,0,Marche
1-nov,221,69.7,100,0,0,0,Marche
2-nov,229,64.9,100,0,0,0,Marche
3-nov,233,47.1,100,0,0,0,Marche
4-nov,253,51.8,100,0,0,0,Marche
5-nov,253,33.1,100,0,0,0,Marche
6-nov,265,35.7,0,100,0,0,Marche
7-nov,273,30.1,0,100,0,0,Marche
8-nov,261,18.5,0,100,0,0,Marche
9-nov,254,10.7,0,100,0,0,Marche
10-nov,259,11.2,0,100,0,0,Marche
11-nov,262,3.7,0,100,0,0,Marche
12-nov,271,6.9,0,100,0,0,Marche
13-nov,274,3.4,0,100,0,0,Marche
14-nov,283,3.7,0,0,100,0,Marche
15-nov,297,13.6,0,0,100,0,Marche
16-nov,298,17.4,0,0,100,0,Marche
17-nov,288,11.5,0,0,100,0,Marche
18-nov,274,4.6,0,0,100,0,Marche
19-nov,263,-2.9,0,0,100,0,Marche
20-nov,248,-9.4,0,0,100,0,Marche
21-nov,227,-20,0,0,100,0,Marche
22-nov,215,-27.6,0,0,100,0,Marche
23-nov,207,-30.6,0,0,100,0,Marche
24-nov,207,-28.4,0,0,100,0,Marche
25-nov,205,-25.3,0,0,100,0,Marche
26-nov,195,-25.9,0,0,100,0,Marche
27-nov,193,-22,0,0,100,0,Marche
28-nov,195,-14,0,0,100,0,Marche
29-nov,194,-9.7,0,0,100,0,Marche
30-nov,200,-3.4,0,0,100,0,Marche
1-dic,199,-3.6,0,0,100,0,Marche
2-dic,197,-3.5,0,0,100,0,Marche
3-dic,195,-0.2,0,0,100,0,Marche
4-dic,195,0.6,0,0,100,0,Marche
5-dic,191,-1.9,0,0,100,0,Marche
6-dic,186,-4.1,0,100,0,0,Marche
7-dic,179,-10.5,0,100,0,0,Marche
8-dic,176,-11.5,0,100,0,0,Marche
9-dic,164,-17.1,0,100,0,0,Marche
10-dic,154,-21,0,100,0,0,Marche
11-dic,153,-21.4,0,100,0,0,Marche
12-dic,155,-18.8,0,100,0,0,Marche
13-dic,158,-15.3,0,100,0,0,Marche
14-dic,160,-10.9,0,100,0,0,Marche
15-dic,155,-11.9,0,100,0,0,Marche
16-dic,172,5,0,100,0,0,Marche
17-dic,181,18,0,100,0,0,Marche
18-dic,175,14.1,0,100,0,0,Marche
19-dic,169,9,0,100,0,0,Marche
20-dic,162,2.7,0,100,0,0,Marche
21-dic,161,1,0,100,0,0,Marche
22-dic,170,9.5,0,100,0,0,Marche
23-dic,171,-0.3,0,100,0,0,Marche
24-dic,168,-7.4,0,0,0,100,Marche
25-dic,182,4.5,0,0,0,100,Marche
26-dic,172,1.5,0,0,0,100,Marche
27-dic,159,-1.7,0,0,0,100,Marche
28-dic,157,-2.5,0,0,100,0,Marche
29-dic,167,-2,0,0,100,0,Marche
30-dic,172,0.7,0,0,100,0,Marche
31-dic,191,13.9,0,0,0,100,Marche
1-gen,197,8.1,0,0,0,100,Marche
2-gen,202,17.8,0,0,0,100,Marche
3-gen,215,35,0,0,0,100,Marche
4-gen,230,46.1,0,0,100,0,Marche
5-gen,226,35.8,0,0,0,100,Marche
6-gen,237,37.3,0,0,0,100,Marche
7-gen,213,11.5,0,100,0,0,Marche
8-gen,205,3.9,0,100,0,0,Marche
9-gen,231,14.3,0,0,100,0,Marche
10-gen,252,17.2,0,0,100,0,Marche
11-gen,250,9.1,0,100,0,0,Marche
12-gen,253,11.9,0,100,0,0,Marche
13-gen,236,-0.3,0,100,0,0,Marche
14-gen,246,15.5,0,100,0,0,Marche
15-gen,251,22.4,0,100,0,0,Marche
16-gen,232,0.5,0,100,0,0,Marche
17-gen,216,-14.2,0,0,100,0,Marche
18-gen,205,-18.3,0,0,100,0,Marche
19-gen,195,-22.8,0,0,100,0,Marche
20-gen,191,-18.9,0,0,100,0,Marche
21-gen,191,-22.5,0,0,100,0,Marche
22-gen,178,-28.9,0,0,100,0,Marche
,,,,,,,
,,,,,,,
,,,,,,,
,,,,,,,
,,,,,,,
,,,,,,,
,,,,,,,
,,,,,,,
,,,,,,,
,,,,,,,
1-ott,20,-4.8,100,0,0,0,Toscana
2-ott,22,0.7,100,0,0,0,Toscana
3-ott,25,15.8,100,0,0,0,Toscana
4-ott,27,34.4,100,0,0,0,Toscana
5-ott,30,47.4,100,0,0,0,Toscana
6-ott,34,71.8,100,0,0,0,Toscana
7-ott,39,88.5,100,0,0,0,Toscana
8-ott,44,117.4,100,0,0,0,Toscana
9-ott,51,126.6,100,0,0,0,Toscana
10-ott,60,143.2,100,0,0,0,Toscana
11-ott,69,154.8,100,0,0,0,Toscana
12-ott,77,157.1,100,0,0,0,Toscana
13-ott,84,147.5,100,0,0,0,Toscana
14-ott,91,135.7,100,0,0,0,Toscana
15-ott,98,122.4,100,0,0,0,Toscana
16-ott,105,106.3,100,0,0,0,Toscana
17-ott,114,88.9,100,0,0,0,Toscana
18-ott,124,79.9,100,0,0,0,Toscana
19-ott,138,80.4,100,0,0,0,Toscana
20-ott,147,75.4,100,0,0,0,Toscana
21-ott,155,69.7,100,0,0,0,Toscana
22-ott,170,73.9,100,0,0,0,Toscana
23-ott,185,75.5,100,0,0,0,Toscana
24-ott,202,77.1,100,0,0,0,Toscana
25-ott,228,82.9,100,0,0,0,Toscana
26-ott,259,87.4,100,0,0,0,Toscana
27-ott,286,94.5,100,0,0,0,Toscana
28-ott,309,99.2,100,0,0,0,Toscana
29-ott,331,94.5,100,0,0,0,Toscana
30-ott,371,100.8,100,0,0,0,Toscana
31-ott,398,97,100,0,0,0,Toscana
1-nov,412,80.9,100,0,0,0,Toscana
2-nov,407,57,100,0,0,0,Toscana
3-nov,421,47,100,0,0,0,Toscana
4-nov,424,37.3,100,0,0,0,Toscana
5-nov,432,30.6,100,0,0,0,Toscana
6-nov,428,15.4,0,100,0,0,Toscana
7-nov,434,9.2,0,100,0,0,Toscana
8-nov,437,6.2,0,100,0,0,Toscana
9-nov,443,8.9,0,100,0,0,Toscana
10-nov,440,4.6,0,100,0,0,Toscana
11-nov,459,8.1,0,0,100,0,Toscana
12-nov,449,3.9,0,0,100,0,Toscana
13-nov,446,4.3,0,0,100,0,Toscana
14-nov,437,0.5,0,0,0,100,Toscana
15-nov,441,0.9,0,0,0,100,Toscana
16-nov,446,0.6,0,0,0,100,Toscana
17-nov,450,2.2,0,0,0,100,Toscana
18-nov,450,-1.9,0,0,0,100,Toscana
19-nov,451,0.4,0,0,0,100,Toscana
20-nov,444,-0.6,0,0,0,100,Toscana
21-nov,430,-1.6,0,0,0,100,Toscana
22-nov,410,-7,0,0,0,100,Toscana
23-nov,381,-14.7,0,0,0,100,Toscana
24-nov,343,-23.8,0,0,0,100,Toscana
25-nov,302,-32.9,0,0,0,100,Toscana
26-nov,286,-36.7,0,0,0,100,Toscana
27-nov,256,-42.2,0,0,0,100,Toscana
28-nov,238,-44.7,0,0,0,100,Toscana
29-nov,210,-48.7,0,0,0,100,Toscana
30-nov,199,-47.8,0,0,0,100,Toscana
1-dic,191,-44.4,0,0,0,100,Toscana
2-dic,185,-38.8,0,0,0,100,Toscana
3-dic,174,-39.2,0,0,0,100,Toscana
4-dic,172,-32.7,0,0,0,100,Toscana
5-dic,161,-32.3,0,0,0,100,Toscana
6-dic,157,-25.4,0,0,100,0,Toscana
7-dic,149,-25.1,0,0,100,0,Toscana
8-dic,143,-25.2,0,0,100,0,Toscana
9-dic,135,-26.8,0,0,100,0,Toscana
10-dic,124,-28.4,0,0,100,0,Toscana
11-dic,113,-34.3,0,0,100,0,Toscana
12-dic,108,-32.9,0,0,100,0,Toscana
13-dic,106,-32.5,0,0,100,0,Toscana
14-dic,102,-31.5,0,0,100,0,Toscana
15-dic,99,-30.4,0,0,100,0,Toscana
16-dic,99,-27,0,0,100,0,Toscana
17-dic,102,-17.9,0,0,100,0,Toscana
18-dic,98,-13.2,0,0,100,0,Toscana
19-dic,97,-9.9,0,0,100,0,Toscana
20-dic,92,-12.9,0,100,0,0,Toscana
21-dic,92,-9.3,0,100,0,0,Toscana
22-dic,92,-7.6,0,100,0,0,Toscana
23-dic,90,-8.6,0,100,0,0,Toscana
24-dic,88,-13.4,0,0,0,100,Toscana
25-dic,91,-7.3,0,0,0,100,Toscana
26-dic,87,-10.3,0,0,0,100,Toscana
27-dic,80,-12.7,0,0,0,100,Toscana
28-dic,73,-20.8,0,0,100,0,Toscana
29-dic,72,-21.4,0,0,100,0,Toscana
30-dic,73,-19.4,0,0,100,0,Toscana
31-dic,75,-15.5,0,0,0,100,Toscana
1-gen,74,-18.6,0,0,0,100,Toscana
2-gen,77,-12.3,0,0,0,100,Toscana
3-gen,80,-0.5,0,0,0,100,Toscana
4-gen,84,14.2,0,0,100,0,Toscana
5-gen,85,18.3,0,0,0,100,Toscana
6-gen,84,15.4,0,0,0,100,Toscana
7-gen,85,13.8,0,100,0,0,Toscana
8-gen,81,9.8,0,100,0,0,Toscana
9-gen,82,7.2,0,0,100,0,Toscana
10-gen,85,6.5,0,0,100,0,Toscana
11-gen,87,4.1,0,100,0,0,Toscana
12-gen,86,0.9,0,100,0,0,Toscana
13-gen,89,5.6,0,100,0,0,Toscana
14-gen,82,-3.3,0,100,0,0,Toscana
15-gen,82,0.9,0,100,0,0,Toscana
16-gen,80,-3.2,0,100,0,0,Toscana
17-gen,78,-8.8,0,100,0,0,Toscana
18-gen,77,-11.7,0,100,0,0,Toscana
19-gen,75,-12.7,0,100,0,0,Toscana
20-gen,73,-17.2,0,100,0,0,Toscana
21-gen,76,-8,0,100,0,0,Toscana
22-gen,75,-8.4,0,100,0,0,Toscana
,,,,,,,
,,,,,,,
,,,,,,,
,,,,,,,
,,,,,,,
,,,,,,,
,,,,,,,
,,,,,,,
,,,,,,,
,,,,,,,
1-ott,26,8.4,100,0,0,0,Lazio
2-ott,27,8,100,0,0,0,Lazio
3-ott,27,9.2,100,0,0,0,Lazio
4-ott,28,12.3,100,0,0,0,Lazio
5-ott,29,13.8,100,0,0,0,Lazio
6-ott,30,19,100,0,0,0,Lazio
7-ott,33,27.6,100,0,0,0,Lazio
8-ott,34,30.8,100,0,0,0,Lazio
9-ott,36,35.8,100,0,0,0,Lazio
10-ott,38,39.9,100,0,0,0,Lazio
11-ott,40,42.2,100,0,0,0,Lazio
12-ott,43,47.7,100,0,0,0,Lazio
13-ott,48,60.3,100,0,0,0,Lazio
14-ott,51,57.7,100,0,0,0,Lazio
15-ott,55,62,100,0,0,0,Lazio
16-ott,62,71.8,100,0,0,0,Lazio
17-ott,73,89.5,100,0,0,0,Lazio
18-ott,87,114.1,100,0,0,0,Lazio
19-ott,96,123.2,100,0,0,0,Lazio
20-ott,107,122,100,0,0,0,Lazio
21-ott,118,130.7,100,0,0,0,Lazio
22-ott,130,134.2,100,0,0,0,Lazio
23-ott,140,124.4,100,0,0,0,Lazio
24-ott,152,108.5,100,0,0,0,Lazio
25-ott,157,81.4,100,0,0,0,Lazio
26-ott,170,77.4,100,0,0,0,Lazio
27-ott,183,71.4,100,0,0,0,Lazio
28-ott,196,65.5,100,0,0,0,Lazio
29-ott,209,61,100,0,0,0,Lazio
30-ott,223,59.8,100,0,0,0,Lazio
31-ott,233,54.1,100,0,0,0,Lazio
1-nov,247,57.1,100,0,0,0,Lazio
2-nov,250,46.8,100,0,0,0,Lazio
3-nov,254,38.4,100,0,0,0,Lazio
4-nov,262,33.5,100,0,0,0,Lazio
5-nov,274,31.4,100,0,0,0,Lazio
6-nov,282,26.3,0,100,0,0,Lazio
7-nov,288,23.2,0,100,0,0,Lazio
8-nov,290,17.2,0,100,0,0,Lazio
9-nov,295,18,0,100,0,0,Lazio
10-nov,302,18.9,0,100,0,0,Lazio
11-nov,302,15.6,0,100,0,0,Lazio
12-nov,302,10,0,100,0,0,Lazio
13-nov,305,8.4,0,100,0,0,Lazio
14-nov,312,8.5,0,100,0,0,Lazio
15-nov,314,8.3,0,100,0,0,Lazio
16-nov,318,8,0,100,0,0,Lazio
17-nov,317,5.1,0,100,0,0,Lazio
18-nov,324,7,0,100,0,0,Lazio
19-nov,324,7.4,0,100,0,0,Lazio
20-nov,320,4.6,0,100,0,0,Lazio
21-nov,314,0.6,0,100,0,0,Lazio
22-nov,312,-0.5,0,100,0,0,Lazio
23-nov,311,-2.2,0,100,0,0,Lazio
24-nov,311,-2,0,100,0,0,Lazio
25-nov,298,-8,0,100,0,0,Lazio
26-nov,290,-10.4,0,100,0,0,Lazio
27-nov,284,-11.2,0,100,0,0,Lazio
28-nov,274,-12.8,0,100,0,0,Lazio
29-nov,265,-15.3,0,100,0,0,Lazio
30-nov,252,-19.1,0,100,0,0,Lazio
1-dic,237,-23.6,0,100,0,0,Lazio
2-dic,232,-22,0,100,0,0,Lazio
3-dic,224,-22.9,0,100,0,0,Lazio
4-dic,216,-23.8,0,100,0,0,Lazio
5-dic,211,-22.8,0,100,0,0,Lazio
6-dic,205,-22.4,0,100,0,0,Lazio
7-dic,202,-19.9,0,100,0,0,Lazio
8-dic,199,-16.3,0,100,0,0,Lazio
9-dic,190,-18,0,100,0,0,Lazio
10-dic,185,-17.1,0,100,0,0,Lazio
11-dic,175,-19,0,100,0,0,Lazio
12-dic,165,-21.8,0,100,0,0,Lazio
13-dic,160,-21.9,0,100,0,0,Lazio
14-dic,159,-21,0,100,0,0,Lazio
15-dic,153,-22.8,0,100,0,0,Lazio
16-dic,152,-20,0,100,0,0,Lazio
17-dic,154,-17,0,100,0,0,Lazio
18-dic,157,-10.2,0,100,0,0,Lazio
19-dic,161,-2.5,0,100,0,0,Lazio
20-dic,159,-0.8,0,100,0,0,Lazio
21-dic,157,-1.4,0,100,0,0,Lazio
22-dic,159,3.8,0,100,0,0,Lazio
23-dic,155,1.6,0,100,0,0,Lazio
24-dic,153,-0.5,0,0,0,100,Lazio
25-dic,158,0.2,0,0,0,100,Lazio
26-dic,153,-5.1,0,0,0,100,Lazio
27-dic,149,-6.3,0,0,0,100,Lazio
28-dic,145,-7.8,0,0,100,0,Lazio
29-dic,144,-9.8,0,0,100,0,Lazio
30-dic,150,-2.9,0,0,100,0,Lazio
31-dic,154,0.7,0,0,0,100,Lazio
1-gen,158,0.3,0,0,0,100,Lazio
2-gen,161,5.2,0,0,0,100,Lazio
3-gen,173,16,0,0,0,100,Lazio
4-gen,179,23.6,0,0,100,0,Lazio
5-gen,187,30.6,0,0,0,100,Lazio
6-gen,199,32.5,0,0,0,100,Lazio
7-gen,199,29,0,100,0,0,Lazio
8-gen,194,22.7,0,100,0,0,Lazio
9-gen,199,23.6,0,0,100,0,Lazio
10-gen,200,15.6,0,0,100,0,Lazio
11-gen,198,10.8,0,100,0,0,Lazio
12-gen,193,2.7,0,100,0,0,Lazio
13-gen,186,-6.6,0,100,0,0,Lazio
14-gen,187,-6.3,0,100,0,0,Lazio
15-gen,183,-5.8,0,100,0,0,Lazio
16-gen,178,-10.2,0,100,0,0,Lazio
17-gen,170,-15,0,0,100,0,Lazio
18-gen,163,-17.7,0,0,100,0,Lazio
19-gen,159,-17.7,0,0,100,0,Lazio
20-gen,153,-17.8,0,0,100,0,Lazio
21-gen,144,-22.7,0,0,100,0,Lazio
22-gen,140,-23.5,0,0,100,0,Lazio
,,,,,,,
,,,,,,,
,,,,,,,
,,,,,,,
,,,,,,,
,,,,,,,
,,,,,,,
,,,,,,,
,,,,,,,
,,,,,,,
1-ott,23,31.4,100,0,0,0,Umbria
2-ott,28,54.4,100,0,0,0,Umbria
3-ott,28,55.9,100,0,0,0,Umbria
4-ott,34,91.1,100,0,0,0,Umbria
5-ott,35,89,100,0,0,0,Umbria
6-ott,40,116.8,100,0,0,0,Umbria
7-ott,42,95.7,100,0,0,0,Umbria
8-ott,46,98,100,0,0,0,Umbria
9-ott,56,102.9,100,0,0,0,Umbria
10-ott,66,133.1,100,0,0,0,Umbria
11-ott,73,114.6,100,0,0,0,Umbria
12-ott,88,150.6,100,0,0,0,Umbria
13-ott,96,143.8,100,0,0,0,Umbria
14-ott,105,151.9,100,0,0,0,Umbria
15-ott,125,172.4,100,0,0,0,Umbria
16-ott,131,132.9,100,0,0,0,Umbria
17-ott,139,109.6,100,0,0,0,Umbria
18-ott,161,118.8,100,0,0,0,Umbria
19-ott,163,84.9,100,0,0,0,Umbria
20-ott,169,75.7,100,0,0,0,Umbria
21-ott,193,83.8,100,0,0,0,Umbria
22-ott,210,67.1,100,0,0,0,Umbria
23-ott,238,81.9,100,0,0,0,Umbria
24-ott,274,97.1,100,0,0,0,Umbria
25-ott,289,80,100,0,0,0,Umbria
26-ott,300,84.3,100,0,0,0,Umbria
27-ott,314,85.2,100,0,0,0,Umbria
28-ott,320,65.5,100,0,0,0,Umbria
29-ott,352,68.1,100,0,0,0,Umbria
30-ott,384,61.6,100,0,0,0,Umbria
31-ott,379,38.5,100,0,0,0,Umbria
1-nov,414,43,100,0,0,0,Umbria
2-nov,406,35.2,100,0,0,0,Umbria
3-nov,418,33.2,100,0,0,0,Umbria
4-nov,429,34.1,100,0,0,0,Umbria
5-nov,437,24.1,100,0,0,0,Umbria
6-nov,442,14.9,0,100,0,0,Umbria
7-nov,465,22.5,0,100,0,0,Umbria
8-nov,453,9.3,0,100,0,0,Umbria
9-nov,466,14.8,0,100,0,0,Umbria
10-nov,474,13.3,0,100,0,0,Umbria
11-nov,476,10.9,0,0,100,0,Umbria
12-nov,478,9.2,0,0,100,0,Umbria
13-nov,459,4,0,0,100,0,Umbria
14-nov,447,-3.9,0,0,100,0,Umbria
15-nov,446,-1.4,0,0,100,0,Umbria
16-nov,443,-5,0,0,100,0,Umbria
17-nov,428,-9.7,0,0,100,0,Umbria
18-nov,426,-10.5,0,0,100,0,Umbria
19-nov,400,-16.2,0,0,100,0,Umbria
20-nov,377,-18,0,0,100,0,Umbria
21-nov,357,-20.1,0,0,100,0,Umbria
22-nov,328,-26.5,0,0,100,0,Umbria
23-nov,308,-30.5,0,0,100,0,Umbria
24-nov,293,-31.5,0,0,100,0,Umbria
25-nov,280,-34.4,0,0,100,0,Umbria
26-nov,256,-36.2,0,0,100,0,Umbria
27-nov,240,-36.1,0,0,100,0,Umbria
28-nov,234,-34.6,0,0,100,0,Umbria
29-nov,223,-31.9,0,0,100,0,Umbria
30-nov,219,-28.8,0,0,100,0,Umbria
1-dic,211,-28,0,0,100,0,Umbria
2-dic,199,-29,0,0,100,0,Umbria
3-dic,192,-24.8,0,0,100,0,Umbria
4-dic,182,-24.5,0,0,100,0,Umbria
5-dic,168,-28.2,0,0,100,0,Umbria
6-dic,159,-28.8,0,100,0,0,Umbria
7-dic,159,-27.6,0,100,0,0,Umbria
8-dic,158,-25.2,0,100,0,0,Umbria
9-dic,136,-31.3,0,100,0,0,Umbria
10-dic,125,-35.2,0,100,0,0,Umbria
11-dic,130,-28.2,0,100,0,0,Umbria
12-dic,129,-23.3,0,100,0,0,Umbria
13-dic,119,-25.5,0,100,0,0,Umbria
14-dic,117,-26.5,0,100,0,0,Umbria
15-dic,122,-22.8,0,100,0,0,Umbria
16-dic,131,-4.1,0,100,0,0,Umbria
17-dic,131,4.8,0,100,0,0,Umbria
18-dic,122,-6.5,0,100,0,0,Umbria
19-dic,123,-4.6,0,100,0,0,Umbria
20-dic,119,0.5,0,100,0,0,Umbria
21-dic,118,1.3,0,100,0,0,Umbria
22-dic,111,-8.9,0,100,0,0,Umbria
23-dic,110,-16.3,0,100,0,0,Umbria
24-dic,111,-15.1,0,0,0,100,Umbria
25-dic,121,-0.7,0,0,0,100,Umbria
26-dic,102,-16.9,0,0,0,100,Umbria
27-dic,93,-21.7,0,0,0,100,Umbria
28-dic,99,-16.6,0,0,100,0,Umbria
29-dic,104,-6.2,0,0,100,0,Umbria
30-dic,126,14.6,0,0,100,0,Umbria
31-dic,138,24.2,0,0,0,100,Umbria
1-gen,137,13.4,0,0,0,100,Umbria
2-gen,137,34.4,0,0,0,100,Umbria
3-gen,156,67.2,0,0,0,100,Umbria
4-gen,152,54.3,0,0,100,0,Umbria
5-gen,160,54.3,0,0,0,100,Umbria
6-gen,160,27.8,0,0,0,100,Umbria
7-gen,134,-3,0,100,0,0,Umbria
8-gen,132,-3.7,0,100,0,0,Umbria
9-gen,160,16.6,0,0,100,0,Umbria
10-gen,166,6.5,0,0,100,0,Umbria
11-gen,166,8.9,0,100,0,0,Umbria
12-gen,162,1.2,0,100,0,0,Umbria
13-gen,158,-1.6,0,100,0,0,Umbria
14-gen,174,30.4,0,100,0,0,Umbria
15-gen,176,33.4,0,100,0,0,Umbria
16-gen,170,6.4,0,100,0,0,Umbria
17-gen,158,-4.7,0,0,100,0,Umbria
18-gen,163,-1.3,0,0,100,0,Umbria
19-gen,166,2.1,0,0,100,0,Umbria
20-gen,162,2.9,0,0,100,0,Umbria
21-gen,171,-2,0,0,100,0,Umbria
22-gen,179,1.7,0,0,100,0,Umbria
,,,,,,,
,,,,,,,
,,,,,,,
,,,,,,,
,,,,,,,
,,,,,,,
,,,,,,,
,,,,,,,
,,,,,,,
,,,,,,,
1-ott,14,0,100,0,0,0,Abruzzo
2-ott,14,0.6,100,0,0,0,Abruzzo
3-ott,16,5.6,100,0,0,0,Abruzzo
4-ott,15,-18.9,100,0,0,0,Abruzzo
5-ott,17,28.2,100,0,0,0,Abruzzo
6-ott,20,52.7,100,0,0,0,Abruzzo
7-ott,23,74.1,100,0,0,0,Abruzzo
8-ott,25,82.5,100,0,0,0,Abruzzo
9-ott,30,114.4,100,0,0,0,Abruzzo
10-ott,34,112.6,100,0,0,0,Abruzzo
11-ott,37,143.7,100,0,0,0,Abruzzo
12-ott,43,154.7,100,0,0,0,Abruzzo
13-ott,51,158.1,100,0,0,0,Abruzzo
14-ott,56,146.6,100,0,0,0,Abruzzo
15-ott,66,158.7,100,0,0,0,Abruzzo
16-ott,72,142,100,0,0,0,Abruzzo
17-ott,76,125.7,100,0,0,0,Abruzzo
18-ott,87,136.9,100,0,0,0,Abruzzo
19-ott,90,107,100,0,0,0,Abruzzo
20-ott,93,82.3,100,0,0,0,Abruzzo
21-ott,102,83.6,100,0,0,0,Abruzzo
22-ott,110,67.1,100,0,0,0,Abruzzo
23-ott,114,59.7,100,0,0,0,Abruzzo
24-ott,132,73.9,100,0,0,0,Abruzzo
25-ott,143,64.6,100,0,0,0,Abruzzo
26-ott,157,75.5,100,0,0,0,Abruzzo
27-ott,170,83.3,100,0,0,0,Abruzzo
28-ott,184,79.6,100,0,0,0,Abruzzo
29-ott,197,78.9,100,0,0,0,Abruzzo
30-ott,212,85.1,100,0,0,0,Abruzzo
31-ott,217,65.1,100,0,0,0,Abruzzo
1-nov,227,58.9,100,0,0,0,Abruzzo
2-nov,237,50.4,100,0,0,0,Abruzzo
3-nov,256,51.1,100,0,0,0,Abruzzo
4-nov,255,39.2,100,0,0,0,Abruzzo
5-nov,262,33,100,0,0,0,Abruzzo
6-nov,259,22.5,0,100,0,0,Abruzzo
7-nov,258,18.6,0,100,0,0,Abruzzo
8-nov,265,16.9,0,100,0,0,Abruzzo
9-nov,276,16.7,0,100,0,0,Abruzzo
10-nov,287,12.1,0,100,0,0,Abruzzo
11-nov,306,19.6,0,0,100,0,Abruzzo
12-nov,304,15.9,0,0,100,0,Abruzzo
13-nov,326,25.5,0,0,100,0,Abruzzo
14-nov,364,41.2,0,0,100,0,Abruzzo
15-nov,356,34.1,0,0,100,0,Abruzzo
16-nov,357,29.2,0,0,100,0,Abruzzo
17-nov,356,23.8,0,0,100,0,Abruzzo
18-nov,354,15.9,0,0,100,0,Abruzzo
19-nov,362,19.3,0,0,100,0,Abruzzo
20-nov,364,11.8,0,0,100,0,Abruzzo
21-nov,334,-8.4,0,0,100,0,Abruzzo
22-nov,341,-4.2,0,0,0,100,Abruzzo
23-nov,340,-4.7,0,0,0,100,Abruzzo
24-nov,326,-8.4,0,0,0,100,Abruzzo
25-nov,324,-8.4,0,0,0,100,Abruzzo
26-nov,318,-12.2,0,0,0,100,Abruzzo
27-nov,303,-16.7,0,0,0,100,Abruzzo
28-nov,303,-9.3,0,0,0,100,Abruzzo
29-nov,291,-14.5,0,0,0,100,Abruzzo
30-nov,285,-16.2,0,0,0,100,Abruzzo
1-dic,274,-15.7,0,0,0,100,Abruzzo
2-dic,256,-21.1,0,0,0,100,Abruzzo
3-dic,243,-23.8,0,0,0,100,Abruzzo
4-dic,235,-22.6,0,0,0,100,Abruzzo
5-dic,223,-26.3,0,0,0,100,Abruzzo
6-dic,214,-26.5,0,0,0,100,Abruzzo
7-dic,181,-36.5,0,0,100,0,Abruzzo
8-dic,175,-36.4,0,0,100,0,Abruzzo
9-dic,166,-35.3,0,0,100,0,Abruzzo
10-dic,153,-37,0,0,100,0,Abruzzo
11-dic,142,-39.6,0,0,100,0,Abruzzo
12-dic,134,-39.8,0,0,100,0,Abruzzo
13-dic,138,-35.5,0,0,100,0,Abruzzo
14-dic,143,-20.9,0,0,100,0,Abruzzo
15-dic,127,-27.4,0,0,100,0,Abruzzo
16-dic,126,-23.8,0,0,100,0,Abruzzo
17-dic,128,-16.6,0,0,100,0,Abruzzo
18-dic,125,-12,0,0,100,0,Abruzzo
19-dic,116,-13.9,0,0,100,0,Abruzzo
20-dic,106,-23.3,0,0,100,0,Abruzzo
21-dic,96,-32.9,0,0,100,0,Abruzzo
22-dic,95,-25,0,0,100,0,Abruzzo
23-dic,95,-24.7,0,0,100,0,Abruzzo
24-dic,93,-26.8,0,0,0,100,Abruzzo
25-dic,102,-18.2,0,0,0,100,Abruzzo
26-dic,93,-19.7,0,0,0,100,Abruzzo
27-dic,78,-26.3,0,0,0,100,Abruzzo
28-dic,76,-20.7,0,0,100,0,Abruzzo
29-dic,73,-23,0,0,100,0,Abruzzo
30-dic,75,-21.1,0,0,100,0,Abruzzo
31-dic,93,-0.7,0,0,0,100,Abruzzo
1-gen,98,-3.9,0,0,0,100,Abruzzo
2-gen,97,4.9,0,0,0,100,Abruzzo
3-gen,111,43,0,0,0,100,Abruzzo
4-gen,117,54.3,0,0,100,0,Abruzzo
5-gen,130,77.7,0,0,0,100,Abruzzo
6-gen,137,82.4,0,0,0,100,Abruzzo
7-gen,119,28.8,0,100,0,0,Abruzzo
8-gen,100,2.3,0,100,0,0,Abruzzo
9-gen,129,32.7,0,0,100,0,Abruzzo
10-gen,137,23.2,0,0,100,0,Abruzzo
11-gen,137,16.7,0,100,0,0,Abruzzo
12-gen,133,1.9,0,100,0,0,Abruzzo
13-gen,129,-5.9,0,100,0,0,Abruzzo
14-gen,131,9.6,0,100,0,0,Abruzzo
15-gen,137,36.6,0,100,0,0,Abruzzo
16-gen,121,-5.9,0,100,0,0,Abruzzo
17-gen,119,-13.2,0,0,100,0,Abruzzo
18-gen,118,-13.9,0,0,100,0,Abruzzo
19-gen,115,-13.2,0,0,100,0,Abruzzo
20-gen,112,-12.6,0,0,100,0,Abruzzo
21-gen,109,-16.6,0,0,100,0,Abruzzo
22-gen,115,-16,0,0,100,0,Abruzzo
,,,,,,,
,,,,,,,
,,,,,,,
,,,,,,,
,,,,,,,
,,,,,,,
,,,,,,,
,,,,,,,
,,,,,,,
,,,,,,,
1-ott,9,-40.8,100,0,0,0,Molise
2-ott,9,-45.1,100,0,0,0,Molise
3-ott,8,-54.9,100,0,0,0,Molise
4-ott,10,-45.6,100,0,0,0,Molise
5-ott,9,-3.3,100,0,0,0,Molise
6-ott,11,17.2,100,0,0,0,Molise
7-ott,9,-9.4,100,0,0,0,Molise
8-ott,11,17.2,100,0,0,0,Molise
9-ott,13,46.4,100,0,0,0,Molise
10-ott,17,121.7,100,0,0,0,Molise
11-ott,21,106.5,100,0,0,0,Molise
12-ott,23,137.9,100,0,0,0,Molise
13-ott,37,229.4,100,0,0,0,Molise
14-ott,42,344.8,100,0,0,0,Molise
15-ott,50,350,100,0,0,0,Molise
16-ott,53,297.6,100,0,0,0,Molise
17-ott,71,327.5,100,0,0,0,Molise
18-ott,71,239.1,100,0,0,0,Molise
19-ott,81,259.4,100,0,0,0,Molise
20-ott,74,100.9,100,0,0,0,Molise
21-ott,75,77.5,100,0,0,0,Molise
22-ott,74,48.4,100,0,0,0,Molise
23-ott,86,60.7,100,0,0,0,Molise
24-ott,86,20.6,100,0,0,0,Molise
25-ott,86,20.7,100,0,0,0,Molise
26-ott,106,31,100,0,0,0,Molise
27-ott,119,62.2,100,0,0,0,Molise
28-ott,118,58.1,100,0,0,0,Molise
29-ott,140,88.5,100,0,0,0,Molise
30-ott,159,85.5,100,0,0,0,Molise
31-ott,165,91.3,100,0,0,0,Molise
1-nov,189,120.6,100,0,0,0,Molise
2-nov,189,77.8,100,0,0,0,Molise
3-nov,198,65.8,100,0,0,0,Molise
4-nov,200,69.1,100,0,0,0,Molise
5-nov,205,46,100,0,0,0,Molise
6-nov,192,20.8,0,100,0,0,Molise
7-nov,215,30.4,0,100,0,0,Molise
8-nov,211,11.8,0,100,0,0,Molise
9-nov,210,11.2,0,100,0,0,Molise
10-nov,194,-2.1,0,100,0,0,Molise
11-nov,208,4.1,0,100,0,0,Molise
12-nov,197,-3.5,0,100,0,0,Molise
13-nov,193,0.5,0,100,0,0,Molise
14-nov,183,-14.8,0,100,0,0,Molise
15-nov,181,-14.4,0,100,0,0,Molise
16-nov,190,-9.6,0,100,0,0,Molise
17-nov,224,15.9,0,100,0,0,Molise
18-nov,233,11.9,0,100,0,0,Molise
19-nov,260,31.7,0,100,0,0,Molise
20-nov,285,47.5,0,100,0,0,Molise
21-nov,296,62.1,0,100,0,0,Molise
22-nov,299,65.3,0,100,0,0,Molise
23-nov,288,51.3,0,100,0,0,Molise
24-nov,263,17.1,0,100,0,0,Molise
25-nov,265,13.7,0,100,0,0,Molise
26-nov,250,-3.7,0,100,0,0,Molise
27-nov,231,-19,0,100,0,0,Molise
28-nov,228,-23.2,0,100,0,0,Molise
29-nov,235,-21.6,0,100,0,0,Molise
30-nov,233,-18.9,0,100,0,0,Molise
1-dic,230,-12.6,0,100,0,0,Molise
2-dic,226,-14.8,0,100,0,0,Molise
3-dic,208,-16.9,0,100,0,0,Molise
4-dic,240,4.1,0,100,0,0,Molise
5-dic,241,6,0,100,0,0,Molise
6-dic,216,-7.9,0,100,0,0,Molise
7-dic,205,-12.3,0,100,0,0,Molise
8-dic,199,-13.4,0,100,0,0,Molise
9-dic,172,-23.7,0,100,0,0,Molise
10-dic,162,-22,0,100,0,0,Molise
11-dic,128,-46.6,0,100,0,0,Molise
12-dic,102,-57.7,0,100,0,0,Molise
13-dic,129,-40.2,0,100,0,0,Molise
14-dic,125,-38.7,0,100,0,0,Molise
15-dic,123,-38,0,100,0,0,Molise
16-dic,127,-26.4,0,100,0,0,Molise
17-dic,142,-12.7,0,100,0,0,Molise
18-dic,142,10.5,0,100,0,0,Molise
19-dic,134,31.4,0,100,0,0,Molise
20-dic,116,-10.6,0,100,0,0,Molise
21-dic,134,7.3,0,100,0,0,Molise
22-dic,126,2.1,0,100,0,0,Molise
23-dic,127,-0.3,0,100,0,0,Molise
24-dic,142,0.5,0,0,0,100,Molise
25-dic,141,-0.7,0,0,0,100,Molise
26-dic,134,-0.2,0,0,0,100,Molise
27-dic,114,-1.4,0,0,0,100,Molise
28-dic,84,-37.5,0,0,100,0,Molise
29-dic,83,-34.3,0,0,100,0,Molise
30-dic,88,-30.2,0,0,100,0,Molise
31-dic,80,-44.1,0,0,0,100,Molise
1-gen,92,-34.7,0,0,0,100,Molise
2-gen,90,-33,0,0,0,100,Molise
3-gen,95,-16.4,0,0,0,100,Molise
4-gen,120,42.4,0,0,100,0,Molise
5-gen,122,47.4,0,0,0,100,Molise
6-gen,116,31.9,0,0,0,100,Molise
7-gen,110,38.3,0,100,0,0,Molise
8-gen,100,8.9,0,100,0,0,Molise
9-gen,106,17.9,0,0,100,0,Molise
10-gen,136,43.3,0,0,100,0,Molise
11-gen,118,-1.6,0,100,0,0,Molise
12-gen,121,-0.8,0,100,0,0,Molise
13-gen,144,23.6,0,100,0,0,Molise
14-gen,157,42.6,0,100,0,0,Molise
15-gen,145,44.4,0,100,0,0,Molise
16-gen,165,56.3,0,100,0,0,Molise
17-gen,151,11,0,100,0,0,Molise
18-gen,154,30.8,0,100,0,0,Molise
19-gen,152,25.7,0,100,0,0,Molise
20-gen,138,-4.1,0,100,0,0,Molise
21-gen,114,-27.1,0,100,0,0,Molise
22-gen,120,-17,0,100,0,0,Molise
,,,,,,,
,,,,,,,
,,,,,,,
,,,,,,,
,,,,,,,
,,,,,,,
,,,,,,,
,,,,,,,
,,,,,,,
,,,,,,,
1-ott,35,48.2,100,0,0,0,Campania
2-ott,37,53.3,100,0,0,0,Campania
3-ott,40,49.1,100,0,0,0,Campania
4-ott,42,52.6,100,0,0,0,Campania
5-ott,45,56,100,0,0,0,Campania
6-ott,47,50.8,100,0,0,0,Campania
7-ott,51,61.6,100,0,0,0,Campania
8-ott,57,64.1,100,0,0,0,Campania
9-ott,64,71,100,0,0,0,Campania
10-ott,68,73,100,0,0,0,Campania
11-ott,72,70.2,100,0,0,0,Campania
12-ott,76,70.2,100,0,0,0,Campania
13-ott,80,72.2,100,0,0,0,Campania
14-ott,85,66.5,100,0,0,0,Campania
15-ott,91,59.3,100,0,0,0,Campania
16-ott,100,56.4,100,0,0,0,Campania
17-ott,113,64.8,100,0,0,0,Campania
18-ott,126,73.8,100,0,0,0,Campania
19-ott,142,85.8,100,0,0,0,Campania
20-ott,153,90.8,100,0,0,0,Campania
21-ott,170,99.3,100,0,0,0,Campania
22-ott,177,93.2,100,0,0,0,Campania
23-ott,194,94.3,100,0,0,0,Campania
24-ott,200,76.9,100,0,0,0,Campania
25-ott,221,75.5,100,0,0,0,Campania
26-ott,227,60.4,100,0,0,0,Campania
27-ott,252,64.4,100,0,0,0,Campania
28-ott,264,55.5,100,0,0,0,Campania
29-ott,291,64.4,100,0,0,0,Campania
30-ott,306,57.6,100,0,0,0,Campania
31-ott,340,70.3,100,0,0,0,Campania
1-nov,362,64,100,0,0,0,Campania
2-nov,377,65.9,100,0,0,0,Campania
3-nov,381,50.9,100,0,0,0,Campania
4-nov,411,55.8,100,0,0,0,Campania
5-nov,424,46,100,0,0,0,Campania
6-nov,447,46,0,100,0,0,Campania
7-nov,458,34.8,0,100,0,0,Campania
8-nov,471,30.2,0,100,0,0,Campania
9-nov,475,26.1,0,100,0,0,Campania
10-nov,471,23.8,0,100,0,0,Campania
11-nov,453,10.4,0,100,0,0,Campania
12-nov,457,7.6,0,100,0,0,Campania
13-nov,449,0.5,0,100,0,0,Campania
14-nov,433,-5.6,0,0,0,100,Campania
15-nov,418,-11.2,0,0,0,100,Campania
16-nov,435,-8.5,0,0,0,100,Campania
17-nov,440,-6.6,0,0,0,100,Campania
18-nov,449,-1.1,0,0,0,100,Campania
19-nov,436,-4.5,0,0,0,100,Campania
20-nov,438,-2.4,0,0,0,100,Campania
21-nov,442,2.2,0,0,0,100,Campania
22-nov,432,3.4,0,0,0,100,Campania
23-nov,399,-8.2,0,0,0,100,Campania
24-nov,378,-14.2,0,0,0,100,Campania
25-nov,363,-19,0,0,0,100,Campania
26-nov,358,-18,0,0,0,100,Campania
27-nov,335,-23.6,0,0,0,100,Campania
28-nov,321,-27.4,0,0,0,100,Campania
29-nov,300,-30.6,0,0,0,100,Campania
30-nov,291,-27.1,0,0,0,100,Campania
1-dic,280,-25.9,0,0,0,100,Campania
2-dic,263,-27.5,0,0,0,100,Campania
3-dic,251,-29.8,0,0,0,100,Campania
4-dic,229,-31.7,0,0,0,100,Campania
5-dic,208,-35.2,0,0,0,100,Campania
6-dic,200,-33.4,0,0,100,0,Campania
7-dic,190,-34.7,0,0,100,0,Campania
8-dic,190,-32.2,0,0,100,0,Campania
9-dic,181,-31.1,0,0,100,0,Campania
10-dic,162,-35.2,0,0,100,0,Campania
11-dic,157,-31.4,0,0,100,0,Campania
12-dic,155,-25.4,0,0,100,0,Campania
13-dic,149,-25.2,0,0,100,0,Campania
14-dic,150,-21.2,0,0,100,0,Campania
15-dic,142,-24.9,0,0,100,0,Campania
16-dic,135,-25.8,0,0,100,0,Campania
17-dic,130,-20,0,0,100,0,Campania
18-dic,127,-18.8,0,0,100,0,Campania
19-dic,119,-23,0,0,100,0,Campania
20-dic,114,-23.9,0,0,100,0,Campania
21-dic,107,-28.7,0,0,100,0,Campania
22-dic,109,-23.2,0,0,100,0,Campania
23-dic,112,-16.5,0,0,100,0,Campania
24-dic,116,-10.5,0,0,0,100,Campania
25-dic,113,-11.4,0,0,0,100,Campania
26-dic,106,-11.4,0,0,0,100,Campania
27-dic,96,-15.8,0,0,0,100,Campania
28-dic,91,-14.5,0,0,100,0,Campania
29-dic,89,-19.1,0,0,100,0,Campania
30-dic,86,-23.2,0,0,100,0,Campania
31-dic,93,-20,0,0,0,100,Campania
1-gen,106,-6.5,0,0,0,100,Campania
2-gen,103,-2.7,0,0,0,100,Campania
3-gen,108,13,0,0,0,100,Campania
4-gen,114,24.4,0,0,100,0,Campania
5-gen,115,29.7,0,0,0,100,Campania
6-gen,122,41.9,0,0,0,100,Campania
7-gen,114,22.2,0,100,0,0,Campania
8-gen,101,-4.5,0,100,0,0,Campania
9-gen,116,12.4,0,0,100,0,Campania
10-gen,127,17,0,0,100,0,Campania
11-gen,131,15.5,0,100,0,0,Campania
12-gen,131,14.1,0,100,0,0,Campania
13-gen,126,3.3,0,100,0,0,Campania
14-gen,131,14.8,0,100,0,0,Campania
15-gen,133,32.4,0,100,0,0,Campania
16-gen,131,13.3,0,100,0,0,Campania
17-gen,127,0.3,0,100,0,0,Campania
18-gen,122,-7.3,0,100,0,0,Campania
19-gen,122,-7.1,0,100,0,0,Campania
20-gen,119,-5.5,0,100,0,0,Campania
21-gen,118,-9.6,0,100,0,0,Campania
22-gen,117,-12.1,0,100,0,0,Campania
,,,,,,,
,,,,,,,
,,,,,,,
,,,,,,,
,,,,,,,
,,,,,,,
,,,,,,,
,,,,,,,
,,,,,,,
,,,,,,,
1-ott,15,8,100,0,0,0,Puglia
2-ott,14,3.6,100,0,0,0,Puglia
3-ott,16,27.3,100,0,0,0,Puglia
4-ott,18,35.3,100,0,0,0,Puglia
5-ott,18,31.7,100,0,0,0,Puglia
6-ott,18,35,100,0,0,0,Puglia
7-ott,21,50.1,100,0,0,0,Puglia
8-ott,24,62.2,100,0,0,0,Puglia
9-ott,28,97.9,100,0,0,0,Puglia
10-ott,30,90.8,100,0,0,0,Puglia
11-ott,32,79.2,100,0,0,0,Puglia
12-ott,34,91.5,100,0,0,0,Puglia
13-ott,35,93.8,100,0,0,0,Puglia
14-ott,38,85.5,100,0,0,0,Puglia
15-ott,39,60.7,100,0,0,0,Puglia
16-ott,40,41.4,100,0,0,0,Puglia
17-ott,44,46.6,100,0,0,0,Puglia
18-ott,46,46.6,100,0,0,0,Puglia
19-ott,51,50.7,100,0,0,0,Puglia
20-ott,53,50.9,100,0,0,0,Puglia
21-ott,54,39.9,100,0,0,0,Puglia
22-ott,59,53.7,100,0,0,0,Puglia
23-ott,66,64.8,100,0,0,0,Puglia
24-ott,73,65.2,100,0,0,0,Puglia
25-ott,78,68.8,100,0,0,0,Puglia
26-ott,81,60.2,100,0,0,0,Puglia
27-ott,89,66.4,100,0,0,0,Puglia
28-ott,100,86.4,100,0,0,0,Puglia
29-ott,106,78.3,100,0,0,0,Puglia
30-ott,111,67.3,100,0,0,0,Puglia
31-ott,114,55.8,100,0,0,0,Puglia
1-nov,118,50.5,100,0,0,0,Puglia
2-nov,123,51.9,100,0,0,0,Puglia
3-nov,137,53.9,100,0,0,0,Puglia
4-nov,142,42.3,100,0,0,0,Puglia
5-nov,146,37.7,100,0,0,0,Puglia
6-nov,149,35,0,0,100,0,Puglia
7-nov,157,37.5,0,0,100,0,Puglia
8-nov,159,34.5,0,0,100,0,Puglia
9-nov,161,31.2,0,0,100,0,Puglia
10-nov,163,19.5,0,0,100,0,Puglia
11-nov,172,20.8,0,0,100,0,Puglia
12-nov,186,28,0,0,100,0,Puglia
13-nov,196,31.4,0,0,100,0,Puglia
14-nov,213,36.2,0,0,100,0,Puglia
15-nov,217,36.5,0,0,100,0,Puglia
16-nov,225,39.2,0,0,100,0,Puglia
17-nov,224,37.3,0,0,100,0,Puglia
18-nov,225,31.1,0,0,100,0,Puglia
19-nov,221,18.6,0,0,100,0,Puglia
20-nov,224,13.9,0,0,100,0,Puglia
21-nov,215,0.6,0,0,100,0,Puglia
22-nov,225,3.8,0,0,100,0,Puglia
23-nov,224,-0.5,0,0,100,0,Puglia
24-nov,232,3.3,0,0,100,0,Puglia
25-nov,235,4.5,0,0,100,0,Puglia
26-nov,240,8.4,0,0,100,0,Puglia
27-nov,247,10.3,0,0,100,0,Puglia
28-nov,251,17.2,0,0,100,0,Puglia
29-nov,241,7.1,0,0,100,0,Puglia
30-nov,244,9.2,0,0,100,0,Puglia
1-dic,246,6.3,0,0,100,0,Puglia
2-dic,250,6.3,0,0,100,0,Puglia
3-dic,254,6.2,0,0,100,0,Puglia
4-dic,246,-0.1,0,0,100,0,Puglia
5-dic,254,1.1,0,0,100,0,Puglia
6-dic,276,14.5,0,100,0,0,Puglia
7-dic,274,12.1,0,100,0,0,Puglia
8-dic,255,3.6,0,100,0,0,Puglia
9-dic,236,-5.5,0,100,0,0,Puglia
10-dic,230,-9.7,0,100,0,0,Puglia
11-dic,240,-2.8,0,100,0,0,Puglia
12-dic,229,-9.7,0,100,0,0,Puglia
13-dic,214,-22.4,0,100,0,0,Puglia
14-dic,206,-24.8,0,100,0,0,Puglia
15-dic,208,-18.3,0,100,0,0,Puglia
16-dic,220,-6.9,0,100,0,0,Puglia
17-dic,214,-7,0,100,0,0,Puglia
18-dic,201,-16,0,100,0,0,Puglia
19-dic,199,-13.3,0,100,0,0,Puglia
20-dic,189,-11.6,0,100,0,0,Puglia
21-dic,193,-6.4,0,100,0,0,Puglia
22-dic,189,-9.3,0,100,0,0,Puglia
23-dic,178,-19.2,0,100,0,0,Puglia
24-dic,187,-12.3,0,0,0,100,Puglia
25-dic,180,-10.6,0,0,0,100,Puglia
26-dic,159,-20,0,0,0,100,Puglia
27-dic,145,-23.4,0,0,0,100,Puglia
28-dic,141,-26.6,0,0,100,0,Puglia
29-dic,138,-26.8,0,0,100,0,Puglia
30-dic,151,-14.9,0,0,100,0,Puglia
31-dic,156,-16.6,0,0,0,100,Puglia
1-gen,166,-7.8,0,0,0,100,Puglia
2-gen,161,1.2,0,0,0,100,Puglia
3-gen,179,23.5,0,0,0,100,Puglia
4-gen,179,26.4,0,0,100,0,Puglia
5-gen,187,35.2,0,0,0,100,Puglia
6-gen,190,25.3,0,0,0,100,Puglia
7-gen,165,5.4,0,100,0,0,Puglia
8-gen,164,-1.4,0,100,0,0,Puglia
9-gen,192,19.5,0,0,100,0,Puglia
10-gen,198,10.3,0,0,100,0,Puglia
11-gen,197,10.4,0,100,0,0,Puglia
12-gen,202,8,0,100,0,0,Puglia
13-gen,189,-0.1,0,100,0,0,Puglia
14-gen,211,28,0,100,0,0,Puglia
15-gen,210,28.1,0,100,0,0,Puglia
16-gen,200,4.1,0,100,0,0,Puglia
17-gen,194,-1.8,0,0,100,0,Puglia
18-gen,189,-4.5,0,0,100,0,Puglia
19-gen,178,-11.6,0,0,100,0,Puglia
20-gen,180,-4.8,0,0,100,0,Puglia
21-gen,174,-17.5,0,0,100,0,Puglia
22-gen,167,-20.2,0,0,100,0,Puglia
,,,,,,,
,,,,,,,
,,,,,,,
,,,,,,,
,,,,,,,
,,,,,,,
,,,,,,,
,,,,,,,
,,,,,,,
,,,,,,,
1-ott,29,226,100,0,0,0,Basilicata
2-ott,29,163.5,100,0,0,0,Basilicata
3-ott,34,123.5,100,0,0,0,Basilicata
4-ott,28,24.6,100,0,0,0,Basilicata
5-ott,29,24.2,100,0,0,0,Basilicata
6-ott,29,30.6,100,0,0,0,Basilicata
7-ott,26,4.3,100,0,0,0,Basilicata
8-ott,24,-17.8,100,0,0,0,Basilicata
9-ott,25,-15.7,100,0,0,0,Basilicata
10-ott,23,-32.6,100,0,0,0,Basilicata
11-ott,23,-19.1,100,0,0,0,Basilicata
12-ott,22,-24.4,100,0,0,0,Basilicata
13-ott,23,-21,100,0,0,0,Basilicata
14-ott,22,-15.9,100,0,0,0,Basilicata
15-ott,24,2.2,100,0,0,0,Basilicata
16-ott,31,22.9,100,0,0,0,Basilicata
17-ott,34,50,100,0,0,0,Basilicata
18-ott,40,78.7,100,0,0,0,Basilicata
19-ott,42,91.9,100,0,0,0,Basilicata
20-ott,44,93,100,0,0,0,Basilicata
21-ott,57,164.8,100,0,0,0,Basilicata
22-ott,66,169.3,100,0,0,0,Basilicata
23-ott,71,132.6,100,0,0,0,Basilicata
24-ott,70,104.7,100,0,0,0,Basilicata
25-ott,75,85.9,100,0,0,0,Basilicata
26-ott,72,71.4,100,0,0,0,Basilicata
27-ott,83,89.5,100,0,0,0,Basilicata
28-ott,89,55.7,100,0,0,0,Basilicata
29-ott,90,37.1,100,0,0,0,Basilicata
30-ott,91,28.3,100,0,0,0,Basilicata
31-ott,103,47.6,100,0,0,0,Basilicata
1-nov,116,54.7,100,0,0,0,Basilicata
2-nov,134,85.3,100,0,0,0,Basilicata
3-nov,139,66.9,100,0,0,0,Basilicata
4-nov,158,76.3,100,0,0,0,Basilicata
5-nov,166,85,100,0,0,0,Basilicata
6-nov,194,112.5,0,100,0,0,Basilicata
7-nov,192,85.9,0,100,0,0,Basilicata
8-nov,209,79.8,0,100,0,0,Basilicata
9-nov,212,58.1,0,100,0,0,Basilicata
10-nov,234,68.6,0,100,0,0,Basilicata
11-nov,224,41.9,0,0,100,0,Basilicata
12-nov,236,41.7,0,0,100,0,Basilicata
13-nov,246,27,0,0,100,0,Basilicata
14-nov,274,43.2,0,0,100,0,Basilicata
15-nov,259,24,0,0,100,0,Basilicata
16-nov,258,21.4,0,0,100,0,Basilicata
17-nov,266,13.6,0,0,100,0,Basilicata
18-nov,278,24.3,0,0,100,0,Basilicata
19-nov,290,23.2,0,0,100,0,Basilicata
20-nov,275,11.7,0,0,100,0,Basilicata
21-nov,274,-0.2,0,0,100,0,Basilicata
22-nov,283,9.3,0,0,100,0,Basilicata
23-nov,270,4.9,0,0,100,0,Basilicata
24-nov,269,1.2,0,0,100,0,Basilicata
25-nov,285,2.6,0,0,100,0,Basilicata
26-nov,278,-4.4,0,0,100,0,Basilicata
27-nov,277,1,0,0,100,0,Basilicata
28-nov,269,-1.6,0,0,100,0,Basilicata
29-nov,263,-7,0,0,100,0,Basilicata
30-nov,269,-0.5,0,0,100,0,Basilicata
1-dic,250,-6.9,0,0,100,0,Basilicata
2-dic,220,-23,0,0,100,0,Basilicata
3-dic,203,-27,0,0,100,0,Basilicata
4-dic,189,-31.8,0,0,100,0,Basilicata
5-dic,174,-35.3,0,0,100,0,Basilicata
6-dic,158,-39.9,0,0,100,0,Basilicata
7-dic,161,-40.3,0,0,100,0,Basilicata
8-dic,143,-42.7,0,0,100,0,Basilicata
9-dic,122,-44.6,0,0,100,0,Basilicata
10-dic,107,-47.4,0,0,100,0,Basilicata
11-dic,100,-47.2,0,0,100,0,Basilicata
12-dic,92,-47.4,0,0,100,0,Basilicata
13-dic,86,-45.5,0,100,0,0,Basilicata
14-dic,79,-50.8,0,100,0,0,Basilicata
15-dic,80,-44.5,0,100,0,0,Basilicata
16-dic,90,-25.8,0,100,0,0,Basilicata
17-dic,112,5.2,0,100,0,0,Basilicata
18-dic,107,6.8,0,100,0,0,Basilicata
19-dic,103,12.6,0,100,0,0,Basilicata
20-dic,107,24.5,0,100,0,0,Basilicata
21-dic,100,26.5,0,100,0,0,Basilicata
22-dic,101,27.5,0,100,0,0,Basilicata
23-dic,102,13.2,0,100,0,0,Basilicata
24-dic,100,-11.1,0,0,0,100,Basilicata
25-dic,99,-7.2,0,0,0,100,Basilicata
26-dic,92,-11.2,0,0,0,100,Basilicata
27-dic,80,-25.2,0,0,0,100,Basilicata
28-dic,79,-21.1,0,0,100,0,Basilicata
29-dic,79,-22.6,0,0,100,0,Basilicata
30-dic,81,-20.7,0,0,100,0,Basilicata
31-dic,80,-20.1,0,0,0,100,Basilicata
1-gen,95,-3.9,0,0,0,100,Basilicata
2-gen,98,6.4,0,0,0,100,Basilicata
3-gen,110,37.4,0,0,0,100,Basilicata
4-gen,115,45.3,0,0,100,0,Basilicata
5-gen,112,43.2,0,0,0,100,Basilicata
6-gen,130,60.1,0,0,0,100,Basilicata
7-gen,115,44,0,100,0,0,Basilicata
8-gen,115,20.7,0,100,0,0,Basilicata
9-gen,133,36.6,0,0,100,0,Basilicata
10-gen,138,25.1,0,0,100,0,Basilicata
11-gen,145,26.4,0,100,0,0,Basilicata
12-gen,165,46.3,0,100,0,0,Basilicata
13-gen,140,7.9,0,100,0,0,Basilicata
14-gen,145,26.5,0,100,0,0,Basilicata
15-gen,131,14.1,0,100,0,0,Basilicata
16-gen,121,-9.2,0,100,0,0,Basilicata
17-gen,111,-19.9,0,100,0,0,Basilicata
18-gen,98,-32.5,0,100,0,0,Basilicata
19-gen,79,-52.2,0,100,0,0,Basilicata
20-gen,76,-45.7,0,100,0,0,Basilicata
21-gen,71,-51.3,0,100,0,0,Basilicata
22-gen,66,-49.8,0,100,0,0,Basilicata
,,,,,,,
,,,,,,,
,,,,,,,
,,,,,,,
,,,,,,,
,,,,,,,
,,,,,,,
,,,,,,,
,,,,,,,
,,,,,,,
1-ott,5,-23.7,100,0,0,0,Calabria
2-ott,6,-5.8,100,0,0,0,Calabria
3-ott,6,10.8,100,0,0,0,Calabria
4-ott,6,-7.5,100,0,0,0,Calabria
5-ott,7,14.2,100,0,0,0,Calabria
6-ott,7,43.4,100,0,0,0,Calabria
7-ott,7,42.9,100,0,0,0,Calabria
8-ott,7,35.8,100,0,0,0,Calabria
9-ott,9,47.4,100,0,0,0,Calabria
10-ott,11,72.4,100,0,0,0,Calabria
11-ott,12,105.4,100,0,0,0,Calabria
12-ott,13,100,100,0,0,0,Calabria
13-ott,14,96.5,100,0,0,0,Calabria
14-ott,17,130.7,100,0,0,0,Calabria
15-ott,18,136.8,100,0,0,0,Calabria
16-ott,21,138.7,100,0,0,0,Calabria
17-ott,22,101.4,100,0,0,0,Calabria
18-ott,24,106.1,100,0,0,0,Calabria
19-ott,27,103.5,100,0,0,0,Calabria
20-ott,30,106.1,100,0,0,0,Calabria
21-ott,33,101.5,100,0,0,0,Calabria
22-ott,41,134.3,100,0,0,0,Calabria
23-ott,44,113.5,100,0,0,0,Calabria
24-ott,48,117.3,100,0,0,0,Calabria
25-ott,53,118.9,100,0,0,0,Calabria
26-ott,57,109.7,100,0,0,0,Calabria
27-ott,64,115.8,100,0,0,0,Calabria
28-ott,67,99.8,100,0,0,0,Calabria
29-ott,69,67.5,100,0,0,0,Calabria
30-ott,73,65.7,100,0,0,0,Calabria
31-ott,75,56.7,100,0,0,0,Calabria
1-nov,78,47.7,100,0,0,0,Calabria
2-nov,82,44.8,100,0,0,0,Calabria
3-nov,84,31,100,0,0,0,Calabria
4-nov,87,30.1,100,0,0,0,Calabria
5-nov,94,36.5,100,0,0,0,Calabria
6-nov,95,30.5,0,0,0,100,Calabria
7-nov,105,40.4,0,0,0,100,Calabria
8-nov,111,41.8,0,0,0,100,Calabria
9-nov,120,47.1,0,0,0,100,Calabria
10-nov,128,53,0,0,0,100,Calabria
11-nov,134,53.7,0,0,0,100,Calabria
12-nov,137,46.2,0,0,0,100,Calabria
13-nov,139,46,0,0,0,100,Calabria
14-nov,136,29.5,0,0,0,100,Calabria
15-nov,135,21.9,0,0,0,100,Calabria
16-nov,127,5.9,0,0,0,100,Calabria
17-nov,141,10.7,0,0,0,100,Calabria
18-nov,170,27.4,0,0,0,100,Calabria
19-nov,174,27.1,0,0,0,100,Calabria
20-nov,185,33.6,0,0,0,100,Calabria
21-nov,190,40.1,0,0,0,100,Calabria
22-nov,195,44.7,0,0,0,100,Calabria
23-nov,197,54.2,0,0,0,100,Calabria
24-nov,177,25.5,0,0,0,100,Calabria
25-nov,147,-13.9,0,0,0,100,Calabria
26-nov,141,-19.1,0,0,0,100,Calabria
27-nov,139,-25.3,0,0,0,100,Calabria
28-nov,139,-27.1,0,0,0,100,Calabria
29-nov,131,-33,0,0,100,0,Calabria
30-nov,128,-34.8,0,0,100,0,Calabria
1-dic,129,-27.4,0,0,100,0,Calabria
2-dic,123,-15.8,0,0,100,0,Calabria
3-dic,117,-16.7,0,0,100,0,Calabria
4-dic,111,-19.7,0,0,100,0,Calabria
5-dic,105,-24.1,0,0,100,0,Calabria
6-dic,107,-17.9,0,0,100,0,Calabria
7-dic,103,-20,0,0,100,0,Calabria
8-dic,94,-26.8,0,0,100,0,Calabria
9-dic,90,-27.4,0,0,100,0,Calabria
10-dic,84,-28.6,0,0,100,0,Calabria
11-dic,74,-33.5,0,0,100,0,Calabria
12-dic,70,-33,0,0,100,0,Calabria
13-dic,65,-39.8,0,100,0,0,Calabria
14-dic,64,-37.4,0,100,0,0,Calabria
15-dic,65,-30.8,0,100,0,0,Calabria
16-dic,68,-24,0,100,0,0,Calabria
17-dic,68,-19.4,0,100,0,0,Calabria
18-dic,71,-3.8,0,100,0,0,Calabria
19-dic,70,-0.9,0,100,0,0,Calabria
20-dic,70,7.6,0,100,0,0,Calabria
21-dic,67,3.9,0,100,0,0,Calabria
22-dic,70,6.8,0,100,0,0,Calabria
23-dic,74,9.1,0,100,0,0,Calabria
24-dic,79,16.3,0,0,0,100,Calabria
25-dic,80,12.3,0,0,0,100,Calabria
26-dic,82,16.9,0,0,0,100,Calabria
27-dic,79,13.9,0,0,0,100,Calabria
28-dic,84,26.6,0,0,100,0,Calabria
29-dic,81,16.2,0,0,100,0,Calabria
30-dic,89,20.4,0,0,100,0,Calabria
31-dic,98,24.1,0,0,0,100,Calabria
1-gen,102,27.5,0,0,0,100,Calabria
2-gen,99,21.2,0,0,0,100,Calabria
3-gen,97,22.9,0,0,0,100,Calabria
4-gen,98,15.8,0,0,100,0,Calabria
5-gen,99,21.8,0,0,0,100,Calabria
6-gen,96,7.3,0,0,0,100,Calabria
7-gen,94,-3.8,0,100,0,0,Calabria
8-gen,94,-7.5,0,100,0,0,Calabria
9-gen,107,8.3,0,0,100,0,Calabria
10-gen,120,23.6,0,0,100,0,Calabria
11-gen,123,25.6,0,0,100,0,Calabria
12-gen,127,28.5,0,0,100,0,Calabria
13-gen,121,25.8,0,0,100,0,Calabria
14-gen,117,24.5,0,0,100,0,Calabria
15-gen,119,26.6,0,0,100,0,Calabria
16-gen,113,5.4,0,0,100,0,Calabria
17-gen,110,-8.7,0,0,100,0,Calabria
18-gen,109,-11.2,0,0,100,0,Calabria
19-gen,106,-16.1,0,0,100,0,Calabria
20-gen,108,-10.8,0,0,100,0,Calabria
21-gen,106,-9.1,0,0,100,0,Calabria
22-gen,104,-12.6,0,0,100,0,Calabria
,,,,,,,
,,,,,,,
,,,,,,,
,,,,,,,
,,,,,,,
,,,,,,,
,,,,,,,
,,,,,,,
,,,,,,,
,,,,,,,
1-ott,18,15.8,100,0,0,0,Sicilia
2-ott,19,32,100,0,0,0,Sicilia
3-ott,20,39.7,100,0,0,0,Sicilia
4-ott,20,38.4,100,0,0,0,Sicilia
5-ott,20,36.9,100,0,0,0,Sicilia
6-ott,21,31.9,100,0,0,0,Sicilia
7-ott,22,24.7,100,0,0,0,Sicilia
8-ott,24,31.7,100,0,0,0,Sicilia
9-ott,26,36.9,100,0,0,0,Sicilia
10-ott,28,37.4,100,0,0,0,Sicilia
11-ott,32,61.6,100,0,0,0,Sicilia
12-ott,36,74.1,100,0,0,0,Sicilia
13-ott,38,81.2,100,0,0,0,Sicilia
14-ott,41,88,100,0,0,0,Sicilia
15-ott,44,83.6,100,0,0,0,Sicilia
16-ott,51,97,100,0,0,0,Sicilia
17-ott,55,96.1,100,0,0,0,Sicilia
18-ott,60,85.9,100,0,0,0,Sicilia
19-ott,61,71.7,100,0,0,0,Sicilia
20-ott,66,72.1,100,0,0,0,Sicilia
21-ott,70,68.8,100,0,0,0,Sicilia
22-ott,78,76.1,100,0,0,0,Sicilia
23-ott,81,58.3,100,0,0,0,Sicilia
24-ott,89,62.3,100,0,0,0,Sicilia
25-ott,92,53.6,100,0,0,0,Sicilia
26-ott,96,57.1,100,0,0,0,Sicilia
27-ott,102,54.4,100,0,0,0,Sicilia
28-ott,105,49.9,100,0,0,0,Sicilia
29-ott,105,34.4,100,0,0,0,Sicilia
30-ott,110,35.7,100,0,0,0,Sicilia
31-ott,111,24.6,100,0,0,0,Sicilia
1-nov,119,29.3,100,0,0,0,Sicilia
2-nov,128,33.3,100,0,0,0,Sicilia
3-nov,132,29.5,100,0,0,0,Sicilia
4-nov,141,34.4,100,0,0,0,Sicilia
5-nov,152,44.8,100,0,0,0,Sicilia
6-nov,160,46.1,0,0,100,0,Sicilia
7-nov,169,51.7,0,0,100,0,Sicilia
8-nov,168,41.3,0,0,100,0,Sicilia
9-nov,168,31.3,0,0,100,0,Sicilia
10-nov,171,29.8,0,0,100,0,Sicilia
11-nov,178,26.3,0,0,100,0,Sicilia
12-nov,185,22.3,0,0,100,0,Sicilia
13-nov,191,19.2,0,0,100,0,Sicilia
14-nov,198,17.7,0,0,100,0,Sicilia
15-nov,205,21.9,0,0,100,0,Sicilia
16-nov,214,27.1,0,0,100,0,Sicilia
17-nov,224,30.6,0,0,100,0,Sicilia
18-nov,231,29.7,0,0,100,0,Sicilia
19-nov,235,26.5,0,0,100,0,Sicilia
20-nov,233,21.9,0,0,100,0,Sicilia
21-nov,235,18.5,0,0,100,0,Sicilia
22-nov,232,13,0,0,100,0,Sicilia
23-nov,228,6.4,0,0,100,0,Sicilia
24-nov,220,-1.8,0,0,100,0,Sicilia
25-nov,209,-9.3,0,0,100,0,Sicilia
26-nov,207,-11.6,0,0,100,0,Sicilia
27-nov,206,-11.6,0,0,100,0,Sicilia
28-nov,193,-17.9,0,0,100,0,Sicilia
29-nov,188,-18.8,0,100,0,0,Sicilia
30-nov,186,-18.2,0,100,0,0,Sicilia
1-dic,188,-14.5,0,100,0,0,Sicilia
2-dic,191,-8.7,0,100,0,0,Sicilia
3-dic,182,-12.3,0,100,0,0,Sicilia
4-dic,178,-13.7,0,100,0,0,Sicilia
5-dic,179,-7.4,0,100,0,0,Sicilia
6-dic,179,-5.1,0,100,0,0,Sicilia
7-dic,174,-6.3,0,100,0,0,Sicilia
8-dic,169,-9.9,0,100,0,0,Sicilia
9-dic,155,-19.1,0,100,0,0,Sicilia
10-dic,150,-17.5,0,100,0,0,Sicilia
11-dic,143,-19.7,0,100,0,0,Sicilia
12-dic,138,-22.7,0,100,0,0,Sicilia
13-dic,134,-25.1,0,100,0,0,Sicilia
14-dic,134,-23.2,0,100,0,0,Sicilia
15-dic,133,-21.7,0,100,0,0,Sicilia
16-dic,139,-10.2,0,100,0,0,Sicilia
17-dic,135,-9.9,0,100,0,0,Sicilia
18-dic,130,-9,0,100,0,0,Sicilia
19-dic,127,-8.1,0,100,0,0,Sicilia
20-dic,127,-5.4,0,100,0,0,Sicilia
21-dic,122,-9,0,100,0,0,Sicilia
22-dic,118,-11.1,0,100,0,0,Sicilia
23-dic,115,-17,0,100,0,0,Sicilia
24-dic,115,-15,0,0,0,100,Sicilia
25-dic,115,-11.6,0,0,0,100,Sicilia
26-dic,104,-18.2,0,0,0,100,Sicilia
27-dic,102,-19.8,0,0,0,100,Sicilia
28-dic,101,-16.8,0,0,100,0,Sicilia
29-dic,103,-12.4,0,0,100,0,Sicilia
30-dic,106,-7.7,0,0,100,0,Sicilia
31-dic,115,0.3,0,0,0,100,Sicilia
1-gen,123,7.5,0,0,0,100,Sicilia
2-gen,131,26.3,0,0,0,100,Sicilia
3-gen,139,36.2,0,0,0,100,Sicilia
4-gen,153,51.4,0,0,100,0,Sicilia
5-gen,165,59.7,0,0,0,100,Sicilia
6-gen,177,66.5,0,0,0,100,Sicilia
7-gen,180,56,0,100,0,0,Sicilia
8-gen,194,57.5,0,100,0,0,Sicilia
9-gen,216,64.8,0,0,100,0,Sicilia
10-gen,230,66,0,0,100,0,Sicilia
11-gen,234,52.6,0,0,100,0,Sicilia
12-gen,241,45.9,0,0,100,0,Sicilia
13-gen,246,39,0,0,100,0,Sicilia
14-gen,255,41.7,0,0,100,0,Sicilia
15-gen,257,32.3,0,0,100,0,Sicilia
16-gen,259,19.8,0,0,100,0,Sicilia
17-gen,253,10.1,0,0,0,100,Sicilia
18-gen,247,5.6,0,0,0,100,Sicilia
19-gen,242,0.4,0,0,0,100,Sicilia
20-gen,232,-5.7,0,0,0,100,Sicilia
21-gen,219,-13.9,0,0,0,100,Sicilia
22-gen,208,-19.2,0,0,0,100,Sicilia
,,,,,,,
,,,,,,,
,,,,,,,
,,,,,,,
,,,,,,,
,,,,,,,
,,,,,,,
,,,,,,,
,,,,,,,
,,,,,,,
1-ott,32,22.4,100,0,0,0,Sardegna
2-ott,32,25.7,100,0,0,0,Sardegna
3-ott,32,24.3,100,0,0,0,Sardegna
4-ott,30,1.6,100,0,0,0,Sardegna
5-ott,34,18.5,100,0,0,0,Sardegna
6-ott,32,7.7,100,0,0,0,Sardegna
7-ott,35,17.4,100,0,0,0,Sardegna
8-ott,37,16.6,100,0,0,0,Sardegna
9-ott,42,29.9,100,0,0,0,Sardegna
10-ott,46,41.9,100,0,0,0,Sardegna
11-ott,48,56.3,100,0,0,0,Sardegna
12-ott,50,49.3,100,0,0,0,Sardegna
13-ott,56,72.3,100,0,0,0,Sardegna
14-ott,57,61.1,100,0,0,0,Sardegna
15-ott,61,62.6,100,0,0,0,Sardegna
16-ott,61,44.9,100,0,0,0,Sardegna
17-ott,61,33.7,100,0,0,0,Sardegna
18-ott,66,39.4,100,0,0,0,Sardegna
19-ott,68,36.1,100,0,0,0,Sardegna
20-ott,72,29.1,100,0,0,0,Sardegna
21-ott,75,31,100,0,0,0,Sardegna
22-ott,78,28.9,100,0,0,0,Sardegna
23-ott,91,50.8,100,0,0,0,Sardegna
24-ott,104,69.8,100,0,0,0,Sardegna
25-ott,101,53,100,0,0,0,Sardegna
26-ott,106,55.3,100,0,0,0,Sardegna
27-ott,103,42.9,100,0,0,0,Sardegna
28-ott,115,53.6,100,0,0,0,Sardegna
29-ott,117,49.8,100,0,0,0,Sardegna
30-ott,114,24.8,100,0,0,0,Sardegna
31-ott,114,10,100,0,0,0,Sardegna
1-nov,126,24.5,100,0,0,0,Sardegna
2-nov,132,24.7,100,0,0,0,Sardegna
3-nov,140,35.8,100,0,0,0,Sardegna
4-nov,129,12.3,100,0,0,0,Sardegna
5-nov,137,16.8,100,0,0,0,Sardegna
6-nov,141,23.2,0,100,0,0,Sardegna
7-nov,147,28.9,0,100,0,0,Sardegna
8-nov,148,17.4,0,100,0,0,Sardegna
9-nov,148,12.5,0,100,0,0,Sardegna
10-nov,160,14.4,0,100,0,0,Sardegna
11-nov,174,35,0,100,0,0,Sardegna
12-nov,167,22.1,0,100,0,0,Sardegna
13-nov,183,30.3,0,100,0,0,Sardegna
14-nov,182,23.7,0,100,0,0,Sardegna
15-nov,178,20.2,0,100,0,0,Sardegna
16-nov,183,23.5,0,100,0,0,Sardegna
17-nov,184,15.2,0,100,0,0,Sardegna
18-nov,184,6,0,100,0,0,Sardegna
19-nov,195,16.9,0,100,0,0,Sardegna
20-nov,193,5.2,0,100,0,0,Sardegna
21-nov,200,10.1,0,100,0,0,Sardegna
22-nov,202,13.3,0,100,0,0,Sardegna
23-nov,208,13.2,0,100,0,0,Sardegna
24-nov,195,5.7,0,100,0,0,Sardegna
25-nov,190,3.2,0,100,0,0,Sardegna
26-nov,186,-4.9,0,100,0,0,Sardegna
27-nov,173,-10.1,0,100,0,0,Sardegna
28-nov,161,-19.4,0,100,0,0,Sardegna
29-nov,162,-19.8,0,100,0,0,Sardegna
30-nov,151,-27.2,0,100,0,0,Sardegna
1-dic,159,-18.3,0,100,0,0,Sardegna
2-dic,165,-13.5,0,100,0,0,Sardegna
3-dic,173,-7,0,100,0,0,Sardegna
4-dic,184,5.9,0,100,0,0,Sardegna
5-dic,193,19.8,0,100,0,0,Sardegna
6-dic,185,14.6,0,100,0,0,Sardegna
7-dic,188,24.2,0,100,0,0,Sardegna
8-dic,176,10.6,0,100,0,0,Sardegna
9-dic,164,-0.4,0,100,0,0,Sardegna
10-dic,146,-15.3,0,100,0,0,Sardegna
11-dic,125,-32,0,100,0,0,Sardegna
12-dic,107,-44.6,0,100,0,0,Sardegna
13-dic,128,-31.2,0,100,0,0,Sardegna
14-dic,119,-36.5,0,100,0,0,Sardegna
15-dic,119,-32,0,100,0,0,Sardegna
16-dic,129,-21.6,0,100,0,0,Sardegna
17-dic,130,-11.2,0,100,0,0,Sardegna
18-dic,135,8.3,0,100,0,0,Sardegna
19-dic,148,38.7,0,100,0,0,Sardegna
20-dic,129,0.8,0,100,0,0,Sardegna
21-dic,133,11.4,0,100,0,0,Sardegna
22-dic,130,8.7,0,100,0,0,Sardegna
23-dic,122,-5.5,0,100,0,0,Sardegna
24-dic,125,-3.5,0,0,0,100,Sardegna
25-dic,133,-1.7,0,0,0,100,Sardegna
26-dic,120,-18.8,0,0,0,100,Sardegna
27-dic,107,-16.6,0,0,0,100,Sardegna
28-dic,99,-25.7,0,0,100,0,Sardegna
29-dic,95,-27.2,0,0,100,0,Sardegna
30-dic,98,-19.3,0,0,100,0,Sardegna
31-dic,100,-20,0,0,0,100,Sardegna
1-gen,98,-26.5,0,0,0,100,Sardegna
2-gen,99,-18,0,0,0,100,Sardegna
3-gen,105,-2.4,0,0,0,100,Sardegna
4-gen,106,7.4,0,0,100,0,Sardegna
5-gen,113,19.5,0,0,0,100,Sardegna
6-gen,113,15.6,0,0,0,100,Sardegna
7-gen,112,11.3,0,100,0,0,Sardegna
8-gen,104,6.7,0,100,0,0,Sardegna
9-gen,111,12.9,0,0,100,0,Sardegna
10-gen,118,12.6,0,0,100,0,Sardegna
11-gen,121,14.4,0,100,0,0,Sardegna
12-gen,132,16.9,0,100,0,0,Sardegna
13-gen,126,11,0,100,0,0,Sardegna
14-gen,122,9.1,0,100,0,0,Sardegna
15-gen,123,17.9,0,100,0,0,Sardegna
16-gen,127,13.9,0,100,0,0,Sardegna
17-gen,121,2.4,0,100,0,0,Sardegna
18-gen,115,-5.1,0,100,0,0,Sardegna
19-gen,97,-26.9,0,100,0,0,Sardegna
20-gen,96,-24.1,0,100,0,0,Sardegna
21-gen,93,-23.5,0,100,0,0,Sardegna
22-gen,90,-26.5,0,100,0,0,Sardegna
,,,,,,,
,,,,,,,
,,,,,,,
,,,,,,,
,,,,,,,
,,,,,,,
,,,,,,,
,,,,,,,
,,,,,,,
